customer_id,customer_name,city,state,email
C0001,Wishi Kapur,Lucknow,Uttar Pradesh,vyanjana22@example.com
C0002,Nachiket Jha,Kolkata,West Bengal,sarthakmall@example.com
C0003,Vidhi Kari,Ahmedabad,Gujarat,malhotraupasna@example.org
C0004,Gaurav Ravel,Mumbai,Maharashtra,qprabhu@example.net
C0005,Qabil Randhawa,Hyderabad,Telangana,zaitra02@example.net
C0006,Joshua Sangha,Mumbai,Maharashtra,dugaltanmayi@example.net
C0007,Kalpit Mall,Mumbai,Maharashtra,yashica72@example.org
C0008,Pooja Parekh,Jaipur,Rajasthan,kalemason@example.org
C0009,Daniel Behl,Hyderabad,Telangana,zilmilsastry@example.net
C0010,Wazir Mohan,Chennai,Tamil Nadu,asom@example.net
C0011,Balendra Nayar,Lucknow,Uttar Pradesh,ati32@example.com
C0012,Gaurangi Dua,Hyderabad,Telangana,simon25@example.com
C0013,Adweta Suri,Mumbai,Maharashtra,ppalla@example.net
C0014,Frado Trivedi,Pune,Maharashtra,veertoor@example.org
C0015,Diya Hora,Kolkata,West Bengal,harshilshah@example.net
C0016,Upma Gara,Chennai,Tamil Nadu,maanas55@example.org
C0017,Indira Rama,Delhi,Delhi,abeer39@example.com
C0018,Samaksh Bava,Ahmedabad,Gujarat,niharika69@example.net
C0019,Triya Verma,Jaipur,Rajasthan,mohini71@example.com
C0020,Viraj Sura,Jaipur,Rajasthan,jyotikamdar@example.com
C0021,Gabriel Narayan,Jaipur,Rajasthan,deshmukhvyanjana@example.net
C0022,Radha Nath,Kolkata,West Bengal,chaitalykale@example.com
C0023,Abhimanyu Kaul,Pune,Maharashtra,hhalder@example.net
C0024,Mason Seshadri,Ahmedabad,Gujarat,yparmar@example.net
C0025,Chaitaly Chandra,Bangalore,Karnataka,bhavika29@example.com
C0026,Lakshmi Sachdev,Ahmedabad,Gujarat,ranveersundaram@example.net
C0027,Rehaan Trivedi,Mumbai,Maharashtra,radhavohra@example.com
C0028,Vinaya Nair,Ahmedabad,Gujarat,nnarain@example.org
C0029,Amrita Choudhary,Jaipur,Rajasthan,radha51@example.net
C0030,Xavier Subramaniam,Kolkata,West Bengal,kamala01@example.org
C0031,Victor Radhakrishnan,Hyderabad,Telangana,kahuja@example.org
C0032,Harish Wable,Jaipur,Rajasthan,vrindachaudhari@example.com
C0033,Chakradev Sood,Hyderabad,Telangana,chandanisachdeva@example.net
C0034,Jacob Shan,Hyderabad,Telangana,kuruvillaoeshi@example.net
C0035,Bhavna Chander,Kolkata,West Bengal,akshay97@example.org
C0036,Saanvi Cheema,Mumbai,Maharashtra,goyaldaniel@example.com
C0037,Wakeeta Kala,Jaipur,Rajasthan,tanvimanne@example.org
C0038,Harsh Bedi,Bangalore,Karnataka,nadkarnihemangini@example.net
C0039,Ansh Bala,Mumbai,Maharashtra,oagate@example.com
C0040,Madhav Dara,Lucknow,Uttar Pradesh,maanasbhargava@example.org
C0041,Yug Prasad,Chennai,Tamil Nadu,triptikannan@example.com
C0042,Kashish Dhingra,Pune,Maharashtra,libnivala@example.com
C0043,Chatura Mannan,Mumbai,Maharashtra,vcomar@example.com
C0044,Champak Jani,Delhi,Delhi,agarwalurvashi@example.org
C0045,Manbir Bakshi,Hyderabad,Telangana,uwason@example.com
C0046,Anay Krishna,Bangalore,Karnataka,minhaschameli@example.org
C0047,Avni Kala,Lucknow,Uttar Pradesh,yagnesh16@example.org
C0048,Raghav Dua,Kolkata,West Bengal,nishapall@example.org
C0049,Kabir Khare,Ahmedabad,Gujarat,jtailor@example.net
C0050,Hemang Setty,Delhi,Delhi,anyanaik@example.org
C0051,Jeremiah Purohit,Bangalore,Karnataka,kavya34@example.org
C0052,Yashvi Brahmbhatt,Lucknow,Uttar Pradesh,dpall@example.net
C0053,Omaja Patla,Jaipur,Rajasthan,advaysur@example.com
C0054,Michael Nath,Mumbai,Maharashtra,falgunisaxena@example.net
C0055,Shivansh Varty,Bangalore,Karnataka,qborah@example.org
C0056,Darika Mall,Delhi,Delhi,mandaleena@example.net
C0057,Orinder Gera,Delhi,Delhi,sbhatnagar@example.com
C0058,Qushi Prakash,Lucknow,Uttar Pradesh,jatin50@example.com
C0059,Anika Dugal,Kolkata,West Bengal,kamya78@example.com
C0060,Vasatika Bajaj,Bangalore,Karnataka,qnazareth@example.net
C0061,Anika Baral,Chennai,Tamil Nadu,fariskashyap@example.net
C0062,Joshua Maharaj,Mumbai,Maharashtra,chackotimothy@example.net
C0063,Tanmayi Kala,Bangalore,Karnataka,zashil45@example.com
C0064,Yashasvi Sarma,Delhi,Delhi,pinglegautami@example.org
C0065,Ayaan Raja,Lucknow,Uttar Pradesh,nirja22@example.com
C0066,Tarak Golla,Ahmedabad,Gujarat,patrickgoda@example.net
C0067,Mason Sarraf,Pune,Maharashtra,thakkaraishani@example.com
C0068,Sai Behl,Lucknow,Uttar Pradesh,ymukherjee@example.com
C0069,Jasmit Munshi,Delhi,Delhi,advik33@example.com
C0070,Lekha Barad,Kolkata,West Bengal,clanka@example.org
C0071,Tristan Gulati,Mumbai,Maharashtra,yashvi37@example.com
C0072,Tristan Joshi,Delhi,Delhi,charitabaria@example.net
C0073,Krish Kulkarni,Chennai,Tamil Nadu,chatterjeegaurangi@example.org
C0074,Jeremiah Chand,Jaipur,Rajasthan,vanshakrishna@example.org
C0075,Zashil Sawhney,Lucknow,Uttar Pradesh,zmagar@example.net
C0076,Inaya Das,Chennai,Tamil Nadu,ramansanya@example.org
C0077,Harshil Trivedi,Lucknow,Uttar Pradesh,deosarthak@example.org
C0078,Ekavir Date,Jaipur,Rajasthan,santwidisha@example.org
C0079,Anamika Ratta,Chennai,Tamil Nadu,gargeesha@example.org
C0080,Alka Mukherjee,Pune,Maharashtra,bhavikachad@example.net
C0081,Brinda Lalla,Chennai,Tamil Nadu,isaraf@example.net
C0082,Waida Grewal,Kolkata,West Bengal,sridharoni@example.net
C0083,Oscar Sem,Chennai,Tamil Nadu,max13@example.net
C0084,Jackson Mutti,Pune,Maharashtra,pbath@example.net
C0085,Vidhi Suresh,Bangalore,Karnataka,manitimothy@example.org
C0086,Omisha Pandya,Mumbai,Maharashtra,mitali38@example.org
C0087,Meera Bansal,Jaipur,Rajasthan,hredhaan41@example.com
C0088,Chanchal Ranganathan,Hyderabad,Telangana,jananipalla@example.net
C0089,Logan Dave,Delhi,Delhi,ukunda@example.net
C0090,Ansh Chahal,Mumbai,Maharashtra,prisha73@example.com
C0091,Udarsh Amble,Pune,Maharashtra,abha68@example.com
C0092,Forum Char,Kolkata,West Bengal,eshanabansal@example.org
C0093,Vrinda Nadig,Hyderabad,Telangana,dev84@example.com
C0094,Siddharth Pal,Bangalore,Karnataka,bahadurjit77@example.org
C0095,Dhriti Dua,Mumbai,Maharashtra,bishakha69@example.com
C0096,Tara Kurian,Lucknow,Uttar Pradesh,hardiksankar@example.com
C0097,Prisha Ravel,Chennai,Tamil Nadu,pkeer@example.com
C0098,Amrita Babu,Hyderabad,Telangana,osha70@example.com
C0099,Lekha Batta,Kolkata,West Bengal,tanaychaudhari@example.org
C0100,Isha Keer,Hyderabad,Telangana,bhanumati49@example.org
C0101,Dakshesh Mutti,Lucknow,Uttar Pradesh,rgara@example.net
C0102,Azad Rajagopal,Lucknow,Uttar Pradesh,karanchristopher@example.org
C0103,Tara Varma,Mumbai,Maharashtra,kundanetra@example.org
C0104,Amrita Swaminathan,Hyderabad,Telangana,dkala@example.org
C0105,Unni Barad,Kolkata,West Bengal,balahredhaan@example.net
C0106,Manan Kata,Kolkata,West Bengal,advika18@example.org
C0107,Lopa Narayanan,Pune,Maharashtra,vanyachanda@example.com
C0108,Nikita Krishnan,Chennai,Tamil Nadu,upmapathak@example.org
C0109,Pushti Tank,Kolkata,West Bengal,emaharaj@example.com
C0110,Girish Sampath,Hyderabad,Telangana,simon40@example.org
C0111,Oliver Ben,Bangalore,Karnataka,balahemal@example.com
C0112,Amara Choudhary,Jaipur,Rajasthan,yuvrajbhasin@example.org
C0113,Rachita Sabharwal,Bangalore,Karnataka,udyatichander@example.com
C0114,Balhaar Choudhary,Jaipur,Rajasthan,vasudharajagopal@example.org
C0115,Saanvi Gupta,Delhi,Delhi,ansh62@example.net
C0116,Hemang Gour,Jaipur,Rajasthan,mahalcaleb@example.org
C0117,Warda Bajaj,Mumbai,Maharashtra,xdua@example.org
C0118,Daniel Vyas,Ahmedabad,Gujarat,vigsudiksha@example.net
C0119,Neelima Jain,Pune,Maharashtra,abhavohra@example.net
C0120,Janaki Krishnamurthy,Pune,Maharashtra,sanghvikevin@example.com
C0121,Jeet Sankaran,Chennai,Tamil Nadu,udarsh41@example.com
C0122,Indrajit Sahni,Chennai,Tamil Nadu,jsridhar@example.com
C0123,Avni Venkataraman,Hyderabad,Telangana,yagarwal@example.com
C0124,Lopa Lala,Lucknow,Uttar Pradesh,raaginidass@example.org
C0125,Hema Tank,Hyderabad,Telangana,yashsarna@example.org
C0126,Ridhi Menon,Delhi,Delhi,dipta65@example.net
C0127,Indali Goda,Mumbai,Maharashtra,nchaudry@example.com
C0128,Tanmayi Hayre,Ahmedabad,Gujarat,bariaekaraj@example.com
C0129,Edhitha Hora,Jaipur,Rajasthan,batraurvi@example.com
C0130,Falan Modi,Bangalore,Karnataka,pallavi40@example.net
C0131,Tanveer Chokshi,Jaipur,Rajasthan,yashvi29@example.net
C0132,Oviya Warrior,Bangalore,Karnataka,rgoel@example.net
C0133,Vrishti Mohanty,Bangalore,Karnataka,oscar52@example.net
C0134,Ishita Borde,Bangalore,Karnataka,chowdhuryladli@example.com
C0135,Rajata Chandra,Delhi,Delhi,routqasim@example.com
C0136,Chanakya Khanna,Lucknow,Uttar Pradesh,yochanasami@example.org
C0137,Dalbir Oommen,Delhi,Delhi,lajitamunshi@example.org
C0138,Yatin Bhatt,Jaipur,Rajasthan,vyasshravya@example.net
C0139,Ishanvi Chaudhuri,Pune,Maharashtra,soodvritti@example.org
C0140,Chatresh Char,Delhi,Delhi,xnaik@example.com
C0141,Jasmit Hegde,Jaipur,Rajasthan,udantmaharaj@example.org
C0142,Gaurangi Kade,Ahmedabad,Gujarat,bahrifitan@example.com
C0143,Wridesh Purohit,Delhi,Delhi,surianusha@example.com
C0144,Amaira Devan,Delhi,Delhi,lalarehaan@example.com
C0145,Wazir Lall,Kolkata,West Bengal,ksharma@example.org
C0146,Barkha Kar,Ahmedabad,Gujarat,oviya54@example.net
C0147,Neelima Pall,Chennai,Tamil Nadu,patrick41@example.org
C0148,Jeevika Bhatia,Lucknow,Uttar Pradesh,aashiagate@example.com
C0149,Riya Kota,Jaipur,Rajasthan,kaurzinal@example.com
C0150,Saanvi Jhaveri,Bangalore,Karnataka,aadi81@example.net
C0151,Anay Comar,Bangalore,Karnataka,ekanidalia@example.net
C0152,Chanakya Sinha,Delhi,Delhi,bsubramaniam@example.org
C0153,Aarnav Mall,Pune,Maharashtra,gargidika@example.com
C0154,Ekani Suri,Ahmedabad,Gujarat,malldevansh@example.com
C0155,Darpan Mall,Delhi,Delhi,knayak@example.net
C0156,Jagat Sura,Jaipur,Rajasthan,zgoel@example.org
C0157,Hema Hari,Hyderabad,Telangana,vincentmaster@example.com
C0158,Kai Sampath,Hyderabad,Telangana,nimrat54@example.org
C0159,Nitesh Pall,Delhi,Delhi,tripathieiravati@example.org
C0160,Nathaniel Kamdar,Lucknow,Uttar Pradesh,maya93@example.org
C0161,Zaid Bains,Mumbai,Maharashtra,aarav61@example.net
C0162,Amaira Sahni,Pune,Maharashtra,oeshipradhan@example.org
C0163,Max Sarkar,Jaipur,Rajasthan,pdube@example.org
C0164,Upasna Gole,Kolkata,West Bengal,barkhabhat@example.com
C0165,Zansi Memon,Hyderabad,Telangana,qratti@example.net
C0166,Caleb Sanghvi,Delhi,Delhi,iyeradvaith@example.org
C0167,Faqid Arora,Lucknow,Uttar Pradesh,xagate@example.net
C0168,Yagnesh Sami,Lucknow,Uttar Pradesh,ghoshdakshesh@example.net
C0169,Kamala Kalla,Pune,Maharashtra,mammendeepa@example.org
C0170,Hemangini Acharya,Delhi,Delhi,wrideshpalla@example.org
C0171,Hritik Sunder,Lucknow,Uttar Pradesh,fvirk@example.org
C0172,Chanakya Virk,Mumbai,Maharashtra,seshadritimothy@example.com
C0173,Garima Anne,Pune,Maharashtra,okrishnamurthy@example.org
C0174,Bina Sani,Chennai,Tamil Nadu,sanghaupadhriti@example.com
C0175,Victor Kuruvilla,Bangalore,Karnataka,aahana84@example.com
C0176,Gagan Natt,Bangalore,Karnataka,ashroff@example.org
C0177,Fariq Ram,Chennai,Tamil Nadu,ekansh46@example.net
C0178,Kashish Deo,Lucknow,Uttar Pradesh,charitahayer@example.org
C0179,Zayan Nagi,Bangalore,Karnataka,kandachandran@example.com
C0180,Rayaan Chacko,Bangalore,Karnataka,indrajitmahajan@example.com
C0181,Chaitaly Iyengar,Jaipur,Rajasthan,adweta62@example.net
C0182,Gunbir Walla,Pune,Maharashtra,devtiwari@example.com
C0183,Tripti Gill,Bangalore,Karnataka,zagarwal@example.com
C0184,Aayush Gala,Jaipur,Rajasthan,bishakhagade@example.net
C0185,Ubika Ghose,Bangalore,Karnataka,rmunshi@example.net
C0186,Amaira Divan,Chennai,Tamil Nadu,nadigaarna@example.com
C0187,Dayamai Grover,Bangalore,Karnataka,ekaja97@example.org
C0188,Hemal Ratti,Kolkata,West Bengal,baghyawati18@example.org
C0189,Urishilla Chaudhari,Chennai,Tamil Nadu,balveergoel@example.com
C0190,Orinder Sachdeva,Bangalore,Karnataka,amritagaba@example.net
C0191,Ikshita Badal,Chennai,Tamil Nadu,siddharth20@example.net
C0192,Leena Krishnan,Kolkata,West Bengal,harinakshi22@example.org
C0193,Samuel Bala,Delhi,Delhi,ravalradha@example.net
C0194,Fitan Sastry,Lucknow,Uttar Pradesh,krishnanori@example.org
C0195,Bina Kurian,Jaipur,Rajasthan,rajanishwar@example.org
C0196,Yadavi Bhattacharyya,Lucknow,Uttar Pradesh,ethanramaswamy@example.com
C0197,Pooja Sani,Mumbai,Maharashtra,cnori@example.com
C0198,Girindra Deshpande,Jaipur,Rajasthan,bbasak@example.net
C0199,Zayan Ahuja,Delhi,Delhi,cdube@example.org
C0200,Neha Chowdhury,Mumbai,Maharashtra,xmallick@example.org
C0201,Wishi Uppal,Jaipur,Rajasthan,vedikamahal@example.net
C0202,Nimrat Grover,Delhi,Delhi,xhegde@example.org
C0203,Nisha Mallick,Kolkata,West Bengal,ipant@example.net
C0204,Nakul Majumdar,Bangalore,Karnataka,bhanumati30@example.net
C0205,Harinakshi Nori,Bangalore,Karnataka,ishanvinazareth@example.org
C0206,Janaki Chatterjee,Delhi,Delhi,ddyal@example.net
C0207,Vinaya Sama,Lucknow,Uttar Pradesh,pbawa@example.net
C0208,Mohini Nagi,Lucknow,Uttar Pradesh,ranveer93@example.com
C0209,Upkaar Bhatt,Lucknow,Uttar Pradesh,pchanda@example.net
C0210,Neelima Grewal,Jaipur,Rajasthan,dshukla@example.com
C0211,Lopa Batra,Delhi,Delhi,cdhar@example.com
C0212,Geetika Dara,Chennai,Tamil Nadu,pghosh@example.com
C0213,Ekavir Bhasin,Ahmedabad,Gujarat,zansi99@example.com
C0214,Barkha Dash,Delhi,Delhi,harshildewan@example.org
C0215,Bhavya Bali,Ahmedabad,Gujarat,deepfrado@example.net
C0216,Yashawini Mandal,Bangalore,Karnataka,zansishukla@example.com
C0217,Ijaya Trivedi,Jaipur,Rajasthan,damini60@example.org
C0218,Upadhriti Shanker,Delhi,Delhi,boraanika@example.net
C0219,Ishwar Kanda,Delhi,Delhi,chaudhurionkar@example.com
C0220,Varsha Andra,Mumbai,Maharashtra,darpannatarajan@example.com
C0221,Hema Vaidya,Pune,Maharashtra,bansalkalpit@example.com
C0222,Gayathri Dey,Jaipur,Rajasthan,rattanatharv@example.net
C0223,Hemal Kalla,Delhi,Delhi,wchopra@example.net
C0224,Matthew Narayanan,Kolkata,West Bengal,drau@example.org
C0225,Jai Kota,Ahmedabad,Gujarat,varshachandra@example.net
C0226,Elijah Pal,Mumbai,Maharashtra,lnarasimhan@example.org
C0227,Januja Peri,Mumbai,Maharashtra,nihalsathe@example.com
C0228,Geetika Aggarwal,Jaipur,Rajasthan,raviabhimanyu@example.org
C0229,Dakshesh Tiwari,Bangalore,Karnataka,fdey@example.com
C0230,Gaurika Pandit,Bangalore,Karnataka,vihaan97@example.net
C0231,Darsh Gulati,Ahmedabad,Gujarat,kala95@example.org
C0232,Vrishti Mander,Chennai,Tamil Nadu,mandoviya@example.com
C0233,Yuvraj Loyal,Bangalore,Karnataka,ekantika18@example.net
C0234,Gagan Modi,Kolkata,West Bengal,jagdish59@example.com
C0235,Aadi Mangal,Hyderabad,Telangana,nreddy@example.com
C0236,Chaaya Behl,Bangalore,Karnataka,aayushradhakrishnan@example.net
C0237,Xalak Bava,Mumbai,Maharashtra,kaurdamyanti@example.net
C0238,Warjas Prakash,Delhi,Delhi,settyyatin@example.com
C0239,Harita Banerjee,Ahmedabad,Gujarat,ekbal92@example.com
C0240,Vamakshi Banerjee,Hyderabad,Telangana,chaudhariyashoda@example.com
C0241,Watika Som,Bangalore,Karnataka,vinayavasa@example.com
C0242,Hemal Gala,Ahmedabad,Gujarat,bbhasin@example.com
C0243,Odika Nazareth,Kolkata,West Bengal,pmander@example.com
C0244,Oscar Yadav,Lucknow,Uttar Pradesh,advaith63@example.org
C0245,Ishwar Ray,Kolkata,West Bengal,gmangal@example.net
C0246,Aarini Khosla,Bangalore,Karnataka,xavier68@example.org
C0247,Nachiket Oak,Delhi,Delhi,ganga40@example.org
C0248,Amrita Bawa,Pune,Maharashtra,daniel60@example.com
C0249,Aarini Krishna,Ahmedabad,Gujarat,gauravrastogi@example.net
C0250,Nidra Iyengar,Lucknow,Uttar Pradesh,samahardik@example.org
C0251,Panini Khare,Jaipur,Rajasthan,dugardarsh@example.net
C0252,Amrita Narayanan,Delhi,Delhi,oakekani@example.net
C0253,Aarna Ahuja,Jaipur,Rajasthan,qnatt@example.com
C0254,Osha Swamy,Chennai,Tamil Nadu,nbhavsar@example.com
C0255,Andrew Chaudhari,Bangalore,Karnataka,fchanda@example.org
C0256,Raksha Karpe,Chennai,Tamil Nadu,ravijagat@example.org
C0257,Tejas Ramesh,Hyderabad,Telangana,nachiket92@example.org
C0258,Arya Nazareth,Hyderabad,Telangana,rudraprashad@example.com
C0259,Chandresh Sant,Kolkata,West Bengal,gautamedwin@example.net
C0260,Garima Kothari,Lucknow,Uttar Pradesh,ksunder@example.org
C0261,Yutika Nagi,Chennai,Tamil Nadu,aayushnarain@example.com
C0262,Advaith Nadkarni,Chennai,Tamil Nadu,dakshatank@example.org
C0263,Jacob Panchal,Delhi,Delhi,omisha72@example.net
C0264,Fitan Saini,Chennai,Tamil Nadu,prakashishita@example.org
C0265,Aadi Chaudhary,Bangalore,Karnataka,tataaradhana@example.net
C0266,Zaid Sundaram,Pune,Maharashtra,yashawini07@example.net
C0267,Rushil Lad,Bangalore,Karnataka,rtrivedi@example.net
C0268,Dakshesh Mohan,Lucknow,Uttar Pradesh,avi33@example.org
C0269,Yachana Dugar,Kolkata,West Bengal,pandeydevika@example.org
C0270,Lucky Dani,Hyderabad,Telangana,wazir11@example.org
C0271,Nikita Thakur,Delhi,Delhi,pranit47@example.com
C0272,Ucchal Mangal,Kolkata,West Bengal,siddharth17@example.net
C0273,Praneel Mitter,Ahmedabad,Gujarat,farasray@example.com
C0274,Oviya Raj,Ahmedabad,Gujarat,dhillonshivansh@example.net
C0275,Neel Sami,Ahmedabad,Gujarat,chaitaly86@example.org
C0276,Gaurav Chad,Ahmedabad,Gujarat,jmistry@example.com
C0277,Watika Bhavsar,Chennai,Tamil Nadu,sachiparmar@example.com
C0278,Wriddhish Shroff,Mumbai,Maharashtra,gayathritripathi@example.net
C0279,Faqid Sani,Delhi,Delhi,vivaan22@example.org
C0280,Ishita Pai,Jaipur,Rajasthan,ghayer@example.com
C0281,Abdul Badal,Mumbai,Maharashtra,chavvi06@example.com
C0282,Anjali Malhotra,Kolkata,West Bengal,kaiparikh@example.org
C0283,Anusha Sampath,Chennai,Tamil Nadu,taravaishnavi@example.org
C0284,Warinder Shere,Lucknow,Uttar Pradesh,saumya09@example.org
C0285,Mekhala Mitter,Jaipur,Rajasthan,devansh42@example.com
C0286,Eta Tripathi,Mumbai,Maharashtra,chahalshravya@example.net
C0287,Rajeshri Raju,Hyderabad,Telangana,vverma@example.com
C0288,Vrishti Gola,Delhi,Delhi,ladli25@example.net
C0289,Rajata Baral,Bangalore,Karnataka,patrickpau@example.com
C0290,Yashvi Khanna,Lucknow,Uttar Pradesh,baradgaurangi@example.com
C0291,Kamala Kala,Jaipur,Rajasthan,salvidevika@example.net
C0292,Omkaar Pingle,Chennai,Tamil Nadu,anitakaran@example.net
C0293,Samesh Hegde,Hyderabad,Telangana,triya98@example.com
C0294,Balhaar Chandra,Bangalore,Karnataka,barkha11@example.com
C0295,Finn Gole,Mumbai,Maharashtra,muttishaurya@example.com
C0296,Guneet Chacko,Bangalore,Karnataka,max14@example.org
C0297,Daniel Mahajan,Pune,Maharashtra,nisha77@example.net
C0298,Thomas Jain,Jaipur,Rajasthan,danitriya@example.net
C0299,Aradhana Pant,Mumbai,Maharashtra,eiravati03@example.org
C0300,Laban Basu,Bangalore,Karnataka,sai47@example.com
C0301,Gabriel Hayer,Kolkata,West Bengal,robert96@example.org
C0302,Adya Choudhary,Delhi,Delhi,mbuch@example.net
C0303,Lavanya Narain,Pune,Maharashtra,pahalkota@example.net
C0304,Kavya Randhawa,Lucknow,Uttar Pradesh,mandaledhitha@example.com
C0305,Triya Kant,Kolkata,West Bengal,anvi81@example.org
C0306,Ikbal Manne,Lucknow,Uttar Pradesh,ati80@example.org
C0307,Frado Sura,Delhi,Delhi,inaya59@example.com
C0308,Vamakshi Randhawa,Bangalore,Karnataka,bahlraagini@example.org
C0309,Devika Bhattacharyya,Hyderabad,Telangana,ekapad60@example.org
C0310,Anamika Thakur,Kolkata,West Bengal,advik75@example.net
C0311,Brijesh Naik,Delhi,Delhi,atharvbumb@example.org
C0312,Januja Swamy,Bangalore,Karnataka,udantloyal@example.org
C0313,Nitara Kari,Hyderabad,Telangana,thakkarbachittar@example.org
C0314,Gaurika Master,Mumbai,Maharashtra,ganesanekalinga@example.org
C0315,Anvi Mall,Kolkata,West Bengal,saumyabiswas@example.org
C0316,Chatresh Sunder,Chennai,Tamil Nadu,ojasvi77@example.org
C0317,Vihaan Babu,Bangalore,Karnataka,dhruv87@example.com
C0318,Warhi Johal,Ahmedabad,Gujarat,qarin09@example.com
C0319,Arya Madan,Lucknow,Uttar Pradesh,tsankaran@example.org
C0320,Noah Luthra,Pune,Maharashtra,slal@example.org
C0321,George Cheema,Lucknow,Uttar Pradesh,mlad@example.org
C0322,Amrita Dasgupta,Lucknow,Uttar Pradesh,oviya86@example.org
C0323,Samesh Chaudhry,Kolkata,West Bengal,pvig@example.org
C0324,Falguni Parekh,Pune,Maharashtra,nilima14@example.com
C0325,Bhanumati Sampath,Jaipur,Rajasthan,fitan08@example.com
C0326,Wazir Srinivasan,Delhi,Delhi,urishillaarora@example.com
C0327,Aadhya Rau,Mumbai,Maharashtra,sarrafsaumya@example.com
C0328,Ryan Hora,Delhi,Delhi,isaiahperi@example.net
C0329,Aryan Patil,Lucknow,Uttar Pradesh,nachiketchanda@example.com
C0330,Veda Mahajan,Delhi,Delhi,doctorsiddharth@example.org
C0331,Pushti Gara,Delhi,Delhi,jeetseshadri@example.com
C0332,Zarna Sarma,Ahmedabad,Gujarat,akshay73@example.net
C0333,Balendra Narasimhan,Delhi,Delhi,rehaansabharwal@example.net
C0334,Nicholas Vasa,Lucknow,Uttar Pradesh,lavanya75@example.net
C0335,Anika Kaul,Pune,Maharashtra,gsanghvi@example.org
C0336,Kavya Sama,Hyderabad,Telangana,zehaan92@example.net
C0337,Zinal Gaba,Kolkata,West Bengal,wdhaliwal@example.net
C0338,Praneel Oza,Mumbai,Maharashtra,damini54@example.org
C0339,Rachit Sabharwal,Pune,Maharashtra,palananthony@example.com
C0340,Bhavani Mohanty,Pune,Maharashtra,wagleraagini@example.org
C0341,Nandini Nazareth,Bangalore,Karnataka,fpathak@example.com
C0342,Ansh Bobal,Delhi,Delhi,vincentseth@example.org
C0343,Balendra Hayre,Ahmedabad,Gujarat,karanisaac@example.com
C0344,Kamya Sama,Ahmedabad,Gujarat,chameli59@example.org
C0345,Wridesh Kulkarni,Kolkata,West Bengal,dalaja12@example.com
C0346,Nikita Behl,Mumbai,Maharashtra,urmi35@example.com
C0347,Harshil Panchal,Lucknow,Uttar Pradesh,shenoyanamika@example.org
C0348,Quincy Rattan,Lucknow,Uttar Pradesh,hmunshi@example.com
C0349,Praneel Chandra,Hyderabad,Telangana,olanka@example.org
C0350,Varenya Hayre,Ahmedabad,Gujarat,aarush34@example.org
C0351,Gautam Bassi,Mumbai,Maharashtra,batradayita@example.com
C0352,Unni Kashyap,Kolkata,West Bengal,yauvanirama@example.net
C0353,Panini Thaman,Hyderabad,Telangana,wishi89@example.org
C0354,Pranit Vaidya,Kolkata,West Bengal,lohit55@example.org
C0355,Wishi Parekh,Kolkata,West Bengal,taraknori@example.com
C0356,Vasatika Malhotra,Jaipur,Rajasthan,varenyapadmanabhan@example.com
C0357,Michael Sanghvi,Delhi,Delhi,januja27@example.net
C0358,Darpan Chana,Pune,Maharashtra,zsabharwal@example.com
C0359,Yamini Viswanathan,Lucknow,Uttar Pradesh,aahana84@example.com
C0360,Barkha Sahni,Jaipur,Rajasthan,bimala25@example.com
C0361,Ekaja Mistry,Kolkata,West Bengal,zachariaodika@example.org
C0362,Zayyan Mital,Hyderabad,Telangana,chandran82@example.net
C0363,Diya Patel,Hyderabad,Telangana,kumarkrish@example.com
C0364,Gaurangi Narain,Ahmedabad,Gujarat,yashawinimukhopadhyay@example.com
C0365,Meghana Halder,Kolkata,West Bengal,mitesh00@example.org
C0366,Zilmil Mittal,Delhi,Delhi,obhatia@example.org
C0367,Aishani Wali,Mumbai,Maharashtra,krishna65@example.org
C0368,Amol Rajagopalan,Pune,Maharashtra,lgarde@example.org
C0369,Mitali Munshi,Jaipur,Rajasthan,peribishakha@example.org
C0370,Krisha Agrawal,Chennai,Tamil Nadu,zayyandass@example.net
C0371,Gagan Randhawa,Mumbai,Maharashtra,kallalajita@example.com
C0372,Shaurya Choudhry,Mumbai,Maharashtra,vidhi53@example.com
C0373,Osha Mody,Jaipur,Rajasthan,etella@example.org
C0374,Chaitaly Iyengar,Bangalore,Karnataka,janujamittal@example.org
C0375,Nirja Sami,Pune,Maharashtra,vparekh@example.com
C0376,Alka Bahri,Jaipur,Rajasthan,gsrivastava@example.com
C0377,Daksh Parmar,Delhi,Delhi,fde@example.com
C0378,Alka Palla,Chennai,Tamil Nadu,chaudryaryan@example.org
C0379,Chatura Dube,Lucknow,Uttar Pradesh,adyakothari@example.com
C0380,Azad Chander,Bangalore,Karnataka,chakrikaapte@example.org
C0381,Sai Bora,Pune,Maharashtra,purohitzehaan@example.net
C0382,Gopal Kalita,Kolkata,West Bengal,lohit22@example.com
C0383,Ayushman Babu,Mumbai,Maharashtra,rudrasahni@example.org
C0384,Madhav Karnik,Jaipur,Rajasthan,sshukla@example.net
C0385,Unni Chadha,Pune,Maharashtra,dattapeter@example.org
C0386,Abhiram Chokshi,Hyderabad,Telangana,karoeshi@example.net
C0387,Vivaan Memon,Jaipur,Rajasthan,choudhryansh@example.net
C0388,Raksha Bali,Hyderabad,Telangana,isha54@example.org
C0389,Nathaniel Bahl,Chennai,Tamil Nadu,taksaumya@example.com
C0390,Jason Arora,Pune,Maharashtra,kdhillon@example.net
C0391,Gautami Soni,Mumbai,Maharashtra,choudhurygavin@example.net
C0392,Arjun Jayaraman,Ahmedabad,Gujarat,bgulati@example.org
C0393,Nandini Kalla,Mumbai,Maharashtra,fiyaz33@example.org
C0394,Lajita Sampath,Delhi,Delhi,arin11@example.com
C0395,Gopal Chakrabarti,Lucknow,Uttar Pradesh,lahuja@example.org
C0396,Anvi Johal,Lucknow,Uttar Pradesh,ansh49@example.net
C0397,Lavanya Dugar,Lucknow,Uttar Pradesh,jsheth@example.com
C0398,Ekaja Aurora,Kolkata,West Bengal,rpalla@example.net
C0399,Nathaniel Prakash,Ahmedabad,Gujarat,schand@example.com
C0400,Harsh Sani,Bangalore,Karnataka,oni08@example.org
C0401,Owen Pandit,Jaipur,Rajasthan,kamdarsathvik@example.com
C0402,Laban Banik,Delhi,Delhi,ayushmandas@example.net
C0403,Simon Mander,Delhi,Delhi,liamdevan@example.org
C0404,Yachana Shroff,Pune,Maharashtra,dalallakshit@example.org
C0405,Wishi Maharaj,Chennai,Tamil Nadu,pallafalan@example.org
C0406,Reva Bava,Mumbai,Maharashtra,adya74@example.com
C0407,Viraj Bhat,Hyderabad,Telangana,qnagarajan@example.org
C0408,Henry Sethi,Chennai,Tamil Nadu,gauravkoshy@example.net
C0409,Praneel Chada,Ahmedabad,Gujarat,wridesh09@example.org
C0410,Oviya Oza,Kolkata,West Bengal,aarav19@example.org
C0411,Anjali Hari,Kolkata,West Bengal,lokejeevika@example.org
C0412,Samuel Raju,Pune,Maharashtra,tkaur@example.org
C0413,Balveer Bhatnagar,Lucknow,Uttar Pradesh,darika49@example.com
C0414,Manya Om,Hyderabad,Telangana,johallavanya@example.net
C0415,Adweta Dasgupta,Bangalore,Karnataka,teerth97@example.net
C0416,Theodore Kurian,Pune,Maharashtra,anvi97@example.com
C0417,Vidhi Choudhury,Pune,Maharashtra,ahluwaliagagan@example.org
C0418,Oscar Zacharia,Chennai,Tamil Nadu,ggarde@example.org
C0419,Ronith Patil,Chennai,Tamil Nadu,esura@example.net
C0420,Ekbal Rattan,Jaipur,Rajasthan,surichaman@example.org
C0421,Nimrat Rao,Jaipur,Rajasthan,rudra20@example.com
C0422,Baljiwan Prakash,Chennai,Tamil Nadu,finnbhatia@example.com
C0423,Harshil Grover,Delhi,Delhi,lgandhi@example.com
C0424,Ronith Sachdev,Bangalore,Karnataka,amol82@example.org
C0425,Balveer Arora,Mumbai,Maharashtra,qnair@example.org
C0426,Oliver Mangal,Pune,Maharashtra,balijonathan@example.org
C0427,Radha Goel,Jaipur,Rajasthan,sarankamya@example.net
C0428,Nidhi Mangal,Chennai,Tamil Nadu,gaganlanka@example.net
C0429,Libni Bhattacharyya,Lucknow,Uttar Pradesh,lallaradhika@example.com
C0430,Fariq Lall,Jaipur,Rajasthan,pranav42@example.com
C0431,Madhav Ganesan,Hyderabad,Telangana,wriddhishsharaf@example.org
C0432,Krisha Comar,Bangalore,Karnataka,akadakia@example.net
C0433,Tanay Subramanian,Hyderabad,Telangana,udate@example.org
C0434,Kevin Prabhu,Hyderabad,Telangana,jasmitshroff@example.org
C0435,Wriddhish Mangal,Chennai,Tamil Nadu,farhanjhaveri@example.net
C0436,Lopa Prabhakar,Pune,Maharashtra,imarangola@example.org
C0437,Praneel Chatterjee,Delhi,Delhi,ychatterjee@example.net
C0438,Samuel Kashyap,Mumbai,Maharashtra,falakkohli@example.net
C0439,Rishi Agarwal,Bangalore,Karnataka,urvashikamdar@example.net
C0440,Sathvik Dutt,Bangalore,Karnataka,rajuazaan@example.net
C0441,Orinder Dhawan,Pune,Maharashtra,bawawahab@example.org
C0442,Ira Krish,Pune,Maharashtra,issacdamyanti@example.com
C0443,Xavier Bhagat,Lucknow,Uttar Pradesh,nakshkarnik@example.net
C0444,Ubika Devan,Jaipur,Rajasthan,wishi35@example.org
C0445,Ishaan Pal,Delhi,Delhi,raisai@example.net
C0446,Charita Zachariah,Hyderabad,Telangana,ijaya77@example.net
C0447,Madhavi Rajagopalan,Chennai,Tamil Nadu,qwagle@example.com
C0448,Mitesh Gade,Lucknow,Uttar Pradesh,odika18@example.net
C0449,Anvi Mittal,Delhi,Delhi,routdamini@example.org
C0450,Samar Sabharwal,Lucknow,Uttar Pradesh,wahab56@example.com
C0451,Leela Chatterjee,Bangalore,Karnataka,morenikita@example.org
C0452,Luke Som,Hyderabad,Telangana,lataaadi@example.com
C0453,Laban Misra,Chennai,Tamil Nadu,hbal@example.net
C0454,Vasatika Choudhry,Kolkata,West Bengal,wmajumdar@example.net
C0455,Nicholas Wali,Kolkata,West Bengal,ranganathanadvay@example.com
C0456,Bhanumati Venkataraman,Delhi,Delhi,ishanibrahmbhatt@example.net
C0457,Dalbir Sarkar,Bangalore,Karnataka,goyalijaya@example.net
C0458,Samar Bava,Kolkata,West Bengal,goswamiomya@example.com
C0459,Andrew Rana,Hyderabad,Telangana,dubeyrobert@example.net
C0460,Jason Menon,Kolkata,West Bengal,pushti54@example.com
C0461,Aashi Lal,Bangalore,Karnataka,wjain@example.org
C0462,Chaitanya Gole,Chennai,Tamil Nadu,libni85@example.net
C0463,Niharika Natarajan,Ahmedabad,Gujarat,teerthpadmanabhan@example.com
C0464,Imaran Parikh,Bangalore,Karnataka,zaidsabharwal@example.net
C0465,Harshil Mangal,Chennai,Tamil Nadu,aryankapur@example.org
C0466,Gaurika Dixit,Lucknow,Uttar Pradesh,masonsrinivas@example.org
C0467,Balhaar Kar,Bangalore,Karnataka,imurthy@example.com
C0468,Shravya Prashad,Jaipur,Rajasthan,jhabhavika@example.com
C0469,Caleb Sundaram,Hyderabad,Telangana,ekaja97@example.org
C0470,Advika Kara,Pune,Maharashtra,buchlajita@example.com
C0471,Isaiah Rout,Lucknow,Uttar Pradesh,chaitalypatel@example.org
C0472,Zansi Ahuja,Mumbai,Maharashtra,brinda83@example.org
C0473,Sanaya Khurana,Chennai,Tamil Nadu,birrishi@example.com
C0474,Nilima Barman,Bangalore,Karnataka,lnayak@example.net
C0475,Leena Doctor,Pune,Maharashtra,parmarqasim@example.com
C0476,Vasatika Madan,Bangalore,Karnataka,urajagopalan@example.org
C0477,Upma Dayal,Kolkata,West Bengal,issacaarna@example.net
C0478,Jacob Ratti,Delhi,Delhi,sguha@example.net
C0479,Vedant Talwar,Bangalore,Karnataka,skale@example.com
C0480,Victor Bhakta,Delhi,Delhi,triyatailor@example.com
C0481,Sai Sen,Delhi,Delhi,pallucky@example.net
C0482,Naveen Amble,Hyderabad,Telangana,mohammedsubramaniam@example.com
C0483,Yahvi Hari,Ahmedabad,Gujarat,shroffzaitra@example.net
C0484,Rishi Shetty,Ahmedabad,Gujarat,zilmilpai@example.com
C0485,Max Swamy,Lucknow,Uttar Pradesh,udantbanerjee@example.net
C0486,Tamanna Banerjee,Jaipur,Rajasthan,vpanchal@example.com
C0487,Veer Chander,Pune,Maharashtra,desaijasmit@example.com
C0488,Shivani Sampath,Chennai,Tamil Nadu,jagatkaran@example.net
C0489,Saumya Saxena,Jaipur,Rajasthan,sachipalan@example.com
C0490,Wridesh Khare,Pune,Maharashtra,cnagarajan@example.org
C0491,Guneet Balakrishnan,Hyderabad,Telangana,barmanzansi@example.net
C0492,Laksh Panchal,Pune,Maharashtra,vohravarsha@example.org
C0493,Jairaj Chaudhuri,Lucknow,Uttar Pradesh,gaurang84@example.org
C0494,Harinakshi Shankar,Chennai,Tamil Nadu,groverxalak@example.net
C0495,Dominic Vasa,Pune,Maharashtra,patilzarna@example.org
C0496,Yashawini Nagar,Chennai,Tamil Nadu,bhargavageorge@example.net
C0497,Priya Jayaraman,Pune,Maharashtra,pallanvi@example.com
C0498,Chaitaly Barad,Kolkata,West Bengal,sachi20@example.net
C0499,Gaurav Din,Hyderabad,Telangana,bireesha@example.com
C0500,Gunbir Hegde,Ahmedabad,Gujarat,nedwin@example.org
