inventory_id,warehouse_id,product_id,quantity,reorder_level,stock_status,last_updated
INV00001,W007,P0054,488,77,In Stock,2025-08-31
INV00002,W013,P0197,564,117,In Stock,2025-11-09
INV00003,W005,P0097,762,93,In Stock,2025-12-14
INV00004,W004,P0162,902,100,In Stock,2025-12-07
INV00005,W012,P0067,669,127,In Stock,2026-01-15
INV00006,W012,P0184,524,106,In Stock,2025-12-14
INV00007,W019,P0045,763,148,In Stock,2026-02-13
INV00008,W016,P0054,218,126,In Stock,2026-03-11
INV00009,W009,P0115,389,119,In Stock,2025-12-14
INV00010,W006,P0055,379,67,In Stock,2026-04-02
INV00011,W004,P0094,492,112,In Stock,2025-09-27
INV00012,W001,P0086,26,22,In Stock,2026-02-08
INV00013,W012,P0080,332,128,In Stock,2026-06-24
INV00014,W004,P0026,99,91,In Stock,2026-03-02
INV00015,W004,P0098,754,62,In Stock,2026-01-04
INV00016,W018,P0121,435,74,In Stock,2026-02-22
INV00017,W009,P0047,372,90,In Stock,2026-05-18
INV00018,W019,P0152,202,150,In Stock,2026-06-18
INV00019,W014,P0141,607,148,In Stock,2025-10-14
INV00020,W015,P0102,574,65,In Stock,2026-03-08
INV00021,W001,P0111,258,147,In Stock,2026-04-27
INV00022,W011,P0138,902,143,In Stock,2026-01-25
INV00023,W020,P0183,402,36,In Stock,2026-05-20
INV00024,W017,P0133,319,111,In Stock,2025-12-24
INV00025,W008,P0149,967,55,In Stock,2026-07-18
INV00026,W017,P0013,234,48,In Stock,2025-10-30
INV00027,W016,P0048,19,99,Low Stock,2026-06-29
INV00028,W004,P0085,54,54,Low Stock,2026-05-18
INV00029,W009,P0179,113,71,In Stock,2026-06-22
INV00030,W014,P0070,542,65,In Stock,2026-01-18
INV00031,W004,P0112,265,41,In Stock,2025-10-21
INV00032,W006,P0106,426,26,In Stock,2026-02-16
INV00033,W019,P0082,232,40,In Stock,2025-11-01
INV00034,W015,P0188,140,84,In Stock,2026-02-26
INV00035,W003,P0136,768,103,In Stock,2026-06-07
INV00036,W016,P0049,130,77,In Stock,2025-12-17
INV00037,W015,P0157,782,92,In Stock,2025-10-11
INV00038,W018,P0013,589,148,In Stock,2025-10-08
INV00039,W017,P0004,172,34,In Stock,2026-07-31
INV00040,W008,P0177,977,93,In Stock,2026-05-09
INV00041,W009,P0081,495,143,In Stock,2026-05-17
INV00042,W014,P0078,974,96,In Stock,2026-02-13
INV00043,W005,P0066,175,113,In Stock,2026-02-19
INV00044,W014,P0067,709,80,In Stock,2026-01-17
INV00045,W018,P0172,545,20,In Stock,2026-02-15
INV00046,W016,P0015,266,150,In Stock,2026-06-23
INV00047,W012,P0004,594,63,In Stock,2026-02-26
INV00048,W015,P0060,124,100,In Stock,2026-01-25
INV00049,W005,P0181,997,146,In Stock,2025-09-13
INV00050,W008,P0087,327,146,In Stock,2025-10-13
INV00051,W014,P0020,538,75,In Stock,2026-07-26
INV00052,W017,P0003,701,68,In Stock,2026-04-09
INV00053,W010,P0179,426,85,In Stock,2026-01-09
INV00054,W017,P0082,897,140,In Stock,2025-08-11
INV00055,W020,P0064,302,125,In Stock,2025-12-06
INV00056,W015,P0136,673,132,In Stock,2026-02-18
INV00057,W018,P0157,422,81,In Stock,2025-08-07
INV00058,W020,P0146,464,83,In Stock,2026-06-02
INV00059,W001,P0103,331,96,In Stock,2026-02-24
INV00060,W015,P0004,693,136,In Stock,2025-09-11
INV00061,W014,P0144,916,135,In Stock,2025-08-22
INV00062,W008,P0128,973,68,In Stock,2025-08-13
INV00063,W006,P0187,313,74,In Stock,2026-05-02
INV00064,W015,P0148,130,33,In Stock,2025-08-24
INV00065,W008,P0050,959,147,In Stock,2025-09-26
INV00066,W009,P0197,176,81,In Stock,2026-06-05
INV00067,W006,P0121,955,120,In Stock,2025-11-28
INV00068,W017,P0136,775,80,In Stock,2026-07-07
INV00069,W016,P0173,280,85,In Stock,2026-07-22
INV00070,W001,P0068,932,127,In Stock,2026-04-05
INV00071,W001,P0093,70,31,In Stock,2026-06-26
INV00072,W014,P0036,773,63,In Stock,2025-08-19
INV00073,W016,P0160,836,109,In Stock,2026-01-12
INV00074,W018,P0093,373,79,In Stock,2026-01-09
INV00075,W019,P0061,418,100,In Stock,2025-12-10
INV00076,W005,P0141,588,28,In Stock,2025-08-19
INV00077,W001,P0055,881,57,In Stock,2026-03-31
INV00078,W011,P0092,914,32,In Stock,2026-06-03
INV00079,W013,P0039,85,120,Low Stock,2026-05-29
INV00080,W016,P0021,830,125,In Stock,2025-08-05
INV00081,W007,P0161,175,78,In Stock,2026-03-02
INV00082,W004,P0026,732,121,In Stock,2026-05-15
INV00083,W020,P0030,874,71,In Stock,2026-07-25
INV00084,W011,P0146,774,145,In Stock,2025-12-02
INV00085,W012,P0155,48,56,Low Stock,2026-07-10
INV00086,W017,P0096,773,102,In Stock,2026-06-07
INV00087,W015,P0174,769,75,In Stock,2025-09-11
INV00088,W011,P0140,189,139,In Stock,2026-05-12
INV00089,W017,P0038,964,125,In Stock,2026-07-15
INV00090,W011,P0067,527,35,In Stock,2026-06-03
INV00091,W012,P0027,604,96,In Stock,2026-02-04
INV00092,W012,P0090,675,30,In Stock,2026-02-05
INV00093,W017,P0043,114,116,Low Stock,2026-07-09
INV00094,W007,P0104,46,105,Low Stock,2026-07-20
INV00095,W006,P0006,353,97,In Stock,2025-12-21
INV00096,W018,P0011,476,98,In Stock,2025-09-17
INV00097,W006,P0173,296,57,In Stock,2026-03-29
INV00098,W008,P0177,65,120,Low Stock,2026-01-26
INV00099,W007,P0174,320,103,In Stock,2026-02-15
INV00100,W005,P0170,414,61,In Stock,2026-07-22
INV00101,W013,P0158,251,126,In Stock,2026-06-10
INV00102,W003,P0029,863,23,In Stock,2025-11-15
INV00103,W013,P0129,11,22,Low Stock,2026-02-28
INV00104,W009,P0103,915,134,In Stock,2025-09-24
INV00105,W014,P0081,512,97,In Stock,2025-09-08
INV00106,W008,P0177,452,54,In Stock,2025-08-24
INV00107,W014,P0045,454,53,In Stock,2025-10-12
INV00108,W016,P0169,890,102,In Stock,2026-03-25
INV00109,W011,P0074,202,68,In Stock,2025-11-09
INV00110,W007,P0034,17,49,Low Stock,2025-12-01
INV00111,W013,P0168,818,67,In Stock,2025-12-04
INV00112,W019,P0140,568,138,In Stock,2026-03-21
INV00113,W002,P0019,577,54,In Stock,2026-03-26
INV00114,W002,P0026,300,23,In Stock,2026-01-12
INV00115,W001,P0049,996,115,In Stock,2025-09-07
INV00116,W019,P0016,297,134,In Stock,2026-01-04
INV00117,W008,P0090,903,90,In Stock,2026-03-05
INV00118,W019,P0149,266,123,In Stock,2025-09-17
INV00119,W007,P0146,224,39,In Stock,2025-09-24
INV00120,W001,P0177,751,84,In Stock,2025-08-26
INV00121,W007,P0098,860,147,In Stock,2025-08-17
INV00122,W013,P0171,983,50,In Stock,2025-12-23
INV00123,W016,P0003,555,37,In Stock,2025-09-30
INV00124,W020,P0192,123,45,In Stock,2025-09-28
INV00125,W008,P0123,568,26,In Stock,2026-03-16
INV00126,W020,P0022,918,69,In Stock,2026-01-06
INV00127,W016,P0180,968,62,In Stock,2026-04-29
INV00128,W014,P0056,505,31,In Stock,2026-01-04
INV00129,W002,P0019,168,115,In Stock,2026-03-31
INV00130,W009,P0112,721,89,In Stock,2025-11-28
INV00131,W013,P0184,963,83,In Stock,2025-09-16
INV00132,W019,P0096,27,31,Low Stock,2026-04-25
INV00133,W011,P0017,108,116,Low Stock,2025-12-01
INV00134,W015,P0021,573,50,In Stock,2026-02-20
INV00135,W005,P0019,771,68,In Stock,2026-01-24
INV00136,W015,P0191,181,101,In Stock,2026-05-16
INV00137,W004,P0061,885,118,In Stock,2026-07-09
INV00138,W018,P0044,69,48,In Stock,2026-02-17
INV00139,W004,P0065,443,118,In Stock,2025-08-10
INV00140,W006,P0015,489,130,In Stock,2026-06-17
INV00141,W006,P0017,479,132,In Stock,2026-06-29
INV00142,W010,P0100,849,136,In Stock,2025-09-18
INV00143,W017,P0124,935,106,In Stock,2025-11-15
INV00144,W012,P0100,712,28,In Stock,2025-10-13
INV00145,W002,P0183,526,30,In Stock,2026-06-05
INV00146,W015,P0157,982,107,In Stock,2026-05-15
INV00147,W010,P0037,846,23,In Stock,2026-07-16
INV00148,W016,P0012,693,33,In Stock,2026-06-09
INV00149,W007,P0115,594,40,In Stock,2025-11-30
INV00150,W011,P0148,339,36,In Stock,2025-12-31
INV00151,W002,P0173,231,62,In Stock,2026-06-27
INV00152,W017,P0118,920,79,In Stock,2026-05-29
INV00153,W002,P0062,89,125,Low Stock,2025-08-07
INV00154,W002,P0030,924,21,In Stock,2025-11-02
INV00155,W006,P0084,818,124,In Stock,2025-08-11
INV00156,W019,P0097,89,55,In Stock,2026-02-15
INV00157,W005,P0142,837,120,In Stock,2026-05-26
INV00158,W011,P0086,376,72,In Stock,2026-08-05
INV00159,W018,P0166,558,65,In Stock,2025-11-28
INV00160,W019,P0123,949,128,In Stock,2026-02-04
INV00161,W009,P0034,745,26,In Stock,2026-06-27
INV00162,W018,P0026,29,102,Low Stock,2026-04-23
INV00163,W011,P0001,64,29,In Stock,2025-10-21
INV00164,W013,P0031,684,102,In Stock,2026-02-23
INV00165,W002,P0026,308,104,In Stock,2026-07-12
INV00166,W004,P0116,956,83,In Stock,2025-09-27
INV00167,W020,P0122,497,142,In Stock,2026-08-01
INV00168,W004,P0101,27,143,Low Stock,2025-08-25
INV00169,W001,P0131,8,53,Low Stock,2026-01-16
INV00170,W013,P0177,270,120,In Stock,2026-02-07
INV00171,W017,P0135,25,122,Low Stock,2025-12-28
INV00172,W012,P0167,876,116,In Stock,2025-11-24
INV00173,W002,P0050,364,21,In Stock,2025-12-21
INV00174,W003,P0071,154,92,In Stock,2026-01-04
INV00175,W019,P0039,201,139,In Stock,2025-11-15
INV00176,W002,P0145,437,123,In Stock,2025-12-04
INV00177,W006,P0049,519,40,In Stock,2025-09-03
INV00178,W013,P0069,707,87,In Stock,2025-09-03
INV00179,W018,P0106,396,46,In Stock,2026-05-11
INV00180,W020,P0055,185,57,In Stock,2025-08-12
INV00181,W010,P0088,783,36,In Stock,2025-10-09
INV00182,W014,P0040,321,67,In Stock,2025-12-13
INV00183,W014,P0130,89,40,In Stock,2026-06-09
INV00184,W001,P0133,110,135,Low Stock,2026-05-01
INV00185,W009,P0075,987,23,In Stock,2025-08-28
INV00186,W019,P0160,343,69,In Stock,2026-07-31
INV00187,W003,P0162,241,122,In Stock,2026-01-22
INV00188,W013,P0007,404,111,In Stock,2026-05-21
INV00189,W004,P0027,273,82,In Stock,2026-05-03
INV00190,W002,P0021,78,90,Low Stock,2026-03-03
INV00191,W003,P0110,583,124,In Stock,2026-07-29
INV00192,W017,P0137,516,138,In Stock,2026-07-22
INV00193,W009,P0013,724,83,In Stock,2025-10-05
INV00194,W018,P0176,162,121,In Stock,2025-08-15
INV00195,W006,P0154,789,22,In Stock,2025-12-09
INV00196,W008,P0005,609,122,In Stock,2026-04-02
INV00197,W008,P0031,614,143,In Stock,2025-08-24
INV00198,W003,P0101,605,146,In Stock,2025-09-18
INV00199,W019,P0014,960,46,In Stock,2026-05-19
INV00200,W020,P0099,99,50,In Stock,2025-11-16
INV00201,W004,P0154,331,79,In Stock,2026-02-21
INV00202,W002,P0120,714,140,In Stock,2026-03-11
INV00203,W009,P0075,4,133,Low Stock,2025-10-05
INV00204,W020,P0152,194,116,In Stock,2025-09-14
INV00205,W015,P0128,845,44,In Stock,2025-12-06
INV00206,W006,P0160,536,74,In Stock,2026-06-25
INV00207,W001,P0139,30,94,Low Stock,2025-12-18
INV00208,W012,P0131,786,38,In Stock,2026-03-28
INV00209,W018,P0034,166,83,In Stock,2026-05-02
INV00210,W013,P0036,136,43,In Stock,2025-11-04
INV00211,W012,P0067,223,94,In Stock,2025-11-27
INV00212,W013,P0073,919,101,In Stock,2026-01-22
INV00213,W009,P0074,787,25,In Stock,2025-11-20
INV00214,W007,P0072,92,118,Low Stock,2026-05-27
INV00215,W004,P0161,579,143,In Stock,2025-08-12
INV00216,W006,P0101,117,100,In Stock,2025-09-11
INV00217,W003,P0093,524,85,In Stock,2026-01-30
INV00218,W009,P0135,324,149,In Stock,2026-04-06
INV00219,W011,P0056,433,66,In Stock,2026-05-15
INV00220,W012,P0126,920,72,In Stock,2026-05-09
INV00221,W020,P0138,968,40,In Stock,2026-02-28
INV00222,W004,P0048,206,75,In Stock,2025-09-02
INV00223,W011,P0064,367,139,In Stock,2026-07-15
INV00224,W003,P0011,865,105,In Stock,2026-01-14
INV00225,W014,P0070,569,115,In Stock,2026-05-24
INV00226,W003,P0048,8,129,Low Stock,2026-01-25
INV00227,W010,P0086,742,116,In Stock,2026-07-10
INV00228,W017,P0149,46,131,Low Stock,2026-07-28
INV00229,W015,P0185,186,76,In Stock,2026-07-18
INV00230,W009,P0195,363,42,In Stock,2025-12-02
INV00231,W006,P0094,698,77,In Stock,2026-03-18
INV00232,W020,P0092,649,40,In Stock,2026-06-22
INV00233,W019,P0120,854,57,In Stock,2026-04-19
INV00234,W002,P0105,144,104,In Stock,2025-08-09
INV00235,W017,P0058,822,21,In Stock,2026-07-30
INV00236,W013,P0170,818,86,In Stock,2026-07-19
INV00237,W002,P0086,812,101,In Stock,2026-02-15
INV00238,W005,P0187,586,101,In Stock,2026-05-27
INV00239,W013,P0121,854,31,In Stock,2026-07-17
INV00240,W014,P0128,355,33,In Stock,2025-10-21
INV00241,W012,P0177,126,71,In Stock,2025-09-22
INV00242,W013,P0011,563,30,In Stock,2025-09-03
INV00243,W007,P0064,897,82,In Stock,2026-04-11
INV00244,W018,P0080,621,70,In Stock,2025-10-29
INV00245,W002,P0116,86,24,In Stock,2026-06-09
INV00246,W014,P0029,462,64,In Stock,2026-04-16
INV00247,W002,P0183,461,30,In Stock,2026-02-02
INV00248,W014,P0066,153,102,In Stock,2025-11-24
INV00249,W012,P0104,465,111,In Stock,2026-01-12
INV00250,W015,P0158,443,92,In Stock,2026-03-22
INV00251,W003,P0169,55,27,In Stock,2026-06-01
INV00252,W006,P0065,946,119,In Stock,2026-05-15
INV00253,W001,P0098,167,23,In Stock,2026-07-09
INV00254,W010,P0167,125,131,Low Stock,2026-03-03
INV00255,W009,P0024,320,55,In Stock,2026-03-02
INV00256,W010,P0132,144,38,In Stock,2025-10-12
INV00257,W020,P0040,323,79,In Stock,2026-03-29
INV00258,W020,P0155,932,39,In Stock,2026-05-15
INV00259,W012,P0125,580,96,In Stock,2026-06-12
INV00260,W006,P0043,5,89,Low Stock,2026-06-14
INV00261,W009,P0070,409,140,In Stock,2026-07-01
INV00262,W004,P0183,479,96,In Stock,2026-05-14
INV00263,W007,P0127,136,22,In Stock,2026-03-27
INV00264,W004,P0185,122,136,Low Stock,2025-09-26
INV00265,W007,P0148,137,55,In Stock,2026-04-11
INV00266,W003,P0020,787,22,In Stock,2026-02-18
INV00267,W005,P0093,773,95,In Stock,2026-06-15
INV00268,W015,P0072,488,96,In Stock,2025-09-27
INV00269,W018,P0082,920,135,In Stock,2026-05-02
INV00270,W006,P0078,65,77,Low Stock,2025-12-26
INV00271,W017,P0177,822,128,In Stock,2026-05-21
INV00272,W004,P0141,860,133,In Stock,2025-12-24
INV00273,W007,P0087,774,27,In Stock,2025-12-20
INV00274,W001,P0072,579,108,In Stock,2025-11-25
INV00275,W017,P0179,425,120,In Stock,2026-01-20
INV00276,W011,P0030,496,31,In Stock,2025-10-13
INV00277,W009,P0033,594,128,In Stock,2025-10-07
INV00278,W018,P0171,821,60,In Stock,2026-03-19
INV00279,W002,P0095,974,123,In Stock,2026-04-23
INV00280,W018,P0064,403,66,In Stock,2026-06-07
INV00281,W009,P0014,393,79,In Stock,2025-10-14
INV00282,W019,P0038,568,42,In Stock,2026-07-17
INV00283,W005,P0117,137,38,In Stock,2026-08-01
INV00284,W019,P0069,873,136,In Stock,2026-04-22
INV00285,W003,P0065,66,102,Low Stock,2025-10-14
INV00286,W002,P0093,922,28,In Stock,2025-08-26
INV00287,W004,P0070,294,51,In Stock,2025-08-25
INV00288,W010,P0110,985,39,In Stock,2025-08-30
INV00289,W010,P0118,587,103,In Stock,2026-05-17
INV00290,W017,P0052,213,79,In Stock,2025-09-09
INV00291,W011,P0187,866,33,In Stock,2026-06-04
INV00292,W016,P0065,342,126,In Stock,2025-10-13
INV00293,W017,P0033,776,100,In Stock,2025-10-11
INV00294,W020,P0072,299,33,In Stock,2025-12-15
INV00295,W020,P0104,831,90,In Stock,2026-03-11
INV00296,W005,P0155,465,123,In Stock,2026-06-07
INV00297,W008,P0074,454,66,In Stock,2026-07-30
INV00298,W002,P0088,413,86,In Stock,2026-01-27
INV00299,W002,P0034,855,45,In Stock,2026-03-11
INV00300,W016,P0080,819,148,In Stock,2025-09-11
INV00301,W016,P0066,906,126,In Stock,2025-09-21
INV00302,W005,P0138,71,119,Low Stock,2025-10-18
INV00303,W015,P0024,813,74,In Stock,2026-06-08
INV00304,W013,P0009,940,33,In Stock,2025-10-08
INV00305,W005,P0152,724,138,In Stock,2026-04-29
INV00306,W001,P0114,13,48,Low Stock,2026-05-30
INV00307,W006,P0170,174,44,In Stock,2025-09-30
INV00308,W016,P0153,545,140,In Stock,2026-05-28
INV00309,W014,P0059,323,111,In Stock,2025-09-15
INV00310,W011,P0194,712,56,In Stock,2025-11-16
INV00311,W013,P0152,84,129,Low Stock,2026-03-22
INV00312,W004,P0196,172,46,In Stock,2026-07-17
INV00313,W019,P0044,318,141,In Stock,2026-07-30
INV00314,W005,P0132,148,104,In Stock,2025-11-05
INV00315,W010,P0155,790,131,In Stock,2025-11-27
INV00316,W001,P0079,951,48,In Stock,2025-11-29
INV00317,W011,P0078,672,135,In Stock,2025-09-28
INV00318,W011,P0046,404,30,In Stock,2025-09-10
INV00319,W019,P0132,68,129,Low Stock,2025-10-16
INV00320,W010,P0196,501,103,In Stock,2025-10-22
INV00321,W008,P0126,306,67,In Stock,2026-01-10
INV00322,W010,P0125,994,123,In Stock,2025-12-10
INV00323,W016,P0168,4,109,Low Stock,2025-11-02
INV00324,W015,P0116,525,97,In Stock,2025-12-09
INV00325,W019,P0107,696,20,In Stock,2025-10-06
INV00326,W007,P0117,716,116,In Stock,2025-12-30
INV00327,W007,P0160,544,100,In Stock,2025-11-27
INV00328,W017,P0135,307,145,In Stock,2025-12-21
INV00329,W007,P0094,42,125,Low Stock,2026-06-19
INV00330,W007,P0100,184,21,In Stock,2026-07-18
INV00331,W006,P0046,185,133,In Stock,2026-04-25
INV00332,W009,P0062,301,57,In Stock,2025-11-08
INV00333,W017,P0138,416,123,In Stock,2025-08-15
INV00334,W015,P0093,169,35,In Stock,2026-05-30
INV00335,W004,P0166,916,88,In Stock,2025-08-23
INV00336,W009,P0125,792,34,In Stock,2025-08-06
INV00337,W011,P0181,350,30,In Stock,2026-03-12
INV00338,W015,P0190,650,49,In Stock,2026-06-06
INV00339,W002,P0182,697,77,In Stock,2025-09-18
INV00340,W012,P0147,325,147,In Stock,2025-10-18
INV00341,W017,P0176,149,75,In Stock,2025-08-27
INV00342,W013,P0110,90,99,Low Stock,2026-03-05
INV00343,W017,P0199,247,132,In Stock,2025-10-29
INV00344,W006,P0018,864,102,In Stock,2025-11-26
INV00345,W015,P0172,556,106,In Stock,2026-06-21
INV00346,W002,P0097,589,97,In Stock,2025-10-17
INV00347,W017,P0091,187,37,In Stock,2025-10-02
INV00348,W004,P0113,135,137,Low Stock,2026-02-09
INV00349,W001,P0173,716,37,In Stock,2026-01-30
INV00350,W008,P0111,451,52,In Stock,2026-05-05
INV00351,W015,P0140,568,83,In Stock,2025-11-21
INV00352,W018,P0055,410,73,In Stock,2025-10-31
INV00353,W010,P0166,845,82,In Stock,2025-08-27
INV00354,W018,P0035,572,70,In Stock,2026-02-14
INV00355,W009,P0158,516,88,In Stock,2026-05-29
INV00356,W020,P0144,247,50,In Stock,2026-06-12
INV00357,W017,P0152,998,128,In Stock,2026-04-29
INV00358,W009,P0181,497,113,In Stock,2026-01-06
INV00359,W011,P0052,886,119,In Stock,2025-11-22
INV00360,W006,P0144,19,56,Low Stock,2025-10-01
INV00361,W003,P0042,828,119,In Stock,2026-04-30
INV00362,W002,P0182,479,53,In Stock,2026-01-19
INV00363,W012,P0137,361,85,In Stock,2026-05-24
INV00364,W006,P0022,556,69,In Stock,2026-04-14
INV00365,W002,P0018,996,53,In Stock,2026-05-13
INV00366,W020,P0104,941,46,In Stock,2026-07-06
INV00367,W005,P0124,693,94,In Stock,2025-09-26
INV00368,W002,P0002,754,70,In Stock,2026-03-06
INV00369,W006,P0057,877,55,In Stock,2026-05-12
INV00370,W012,P0108,859,90,In Stock,2026-06-07
INV00371,W007,P0027,476,27,In Stock,2026-01-26
INV00372,W005,P0082,452,91,In Stock,2025-09-11
INV00373,W004,P0118,719,141,In Stock,2025-10-04
INV00374,W005,P0121,483,119,In Stock,2026-05-26
INV00375,W011,P0011,655,71,In Stock,2025-11-15
INV00376,W008,P0135,660,78,In Stock,2025-11-22
INV00377,W018,P0069,235,89,In Stock,2025-12-06
INV00378,W020,P0022,187,72,In Stock,2025-10-10
INV00379,W006,P0139,613,104,In Stock,2025-10-15
INV00380,W002,P0155,672,150,In Stock,2026-04-16
INV00381,W001,P0053,803,101,In Stock,2026-01-15
INV00382,W005,P0043,254,47,In Stock,2026-06-09
INV00383,W020,P0003,541,37,In Stock,2026-03-31
INV00384,W019,P0020,283,30,In Stock,2025-08-05
INV00385,W015,P0021,756,91,In Stock,2026-06-12
INV00386,W001,P0066,718,70,In Stock,2026-01-26
INV00387,W002,P0192,695,33,In Stock,2026-07-27
INV00388,W003,P0127,162,67,In Stock,2025-09-12
INV00389,W014,P0143,444,58,In Stock,2025-12-30
INV00390,W008,P0042,394,31,In Stock,2026-05-10
INV00391,W017,P0095,451,79,In Stock,2025-09-25
INV00392,W004,P0020,515,119,In Stock,2026-05-15
INV00393,W007,P0019,85,116,Low Stock,2026-04-03
INV00394,W013,P0042,462,59,In Stock,2025-12-13
INV00395,W001,P0115,297,135,In Stock,2025-08-10
INV00396,W005,P0054,396,104,In Stock,2025-11-15
INV00397,W002,P0034,893,144,In Stock,2026-03-28
INV00398,W015,P0097,204,69,In Stock,2026-04-17
INV00399,W007,P0024,591,61,In Stock,2026-03-28
INV00400,W010,P0055,43,107,Low Stock,2026-01-19
INV00401,W004,P0173,295,98,In Stock,2026-01-03
INV00402,W007,P0132,659,44,In Stock,2025-11-16
INV00403,W008,P0186,270,39,In Stock,2026-06-30
INV00404,W007,P0116,308,77,In Stock,2025-08-19
INV00405,W014,P0183,640,58,In Stock,2025-08-14
INV00406,W005,P0011,664,133,In Stock,2025-10-27
INV00407,W020,P0195,565,69,In Stock,2026-04-07
INV00408,W012,P0146,689,52,In Stock,2026-01-24
INV00409,W007,P0077,859,142,In Stock,2026-02-18
INV00410,W007,P0091,927,149,In Stock,2025-09-22
INV00411,W005,P0193,769,50,In Stock,2025-09-23
INV00412,W018,P0187,974,125,In Stock,2025-09-27
INV00413,W016,P0109,752,83,In Stock,2026-07-18
INV00414,W005,P0127,47,105,Low Stock,2025-09-23
INV00415,W012,P0181,10,105,Low Stock,2025-10-15
INV00416,W011,P0045,672,113,In Stock,2025-12-15
INV00417,W009,P0108,442,101,In Stock,2025-12-25
INV00418,W010,P0108,406,27,In Stock,2025-12-03
INV00419,W020,P0052,432,139,In Stock,2025-09-23
INV00420,W004,P0163,514,117,In Stock,2025-09-13
INV00421,W005,P0154,613,125,In Stock,2026-07-30
INV00422,W017,P0049,654,47,In Stock,2025-10-14
INV00423,W020,P0146,31,141,Low Stock,2025-10-16
INV00424,W013,P0034,857,23,In Stock,2025-09-05
INV00425,W020,P0090,620,29,In Stock,2026-07-06
INV00426,W015,P0199,629,26,In Stock,2025-10-31
INV00427,W011,P0163,24,105,Low Stock,2026-07-14
INV00428,W013,P0081,654,24,In Stock,2026-07-17
INV00429,W018,P0046,988,46,In Stock,2025-09-14
INV00430,W017,P0169,501,71,In Stock,2026-03-24
INV00431,W016,P0002,572,43,In Stock,2026-01-22
INV00432,W006,P0044,261,56,In Stock,2025-12-21
INV00433,W012,P0182,916,133,In Stock,2026-04-20
INV00434,W016,P0041,804,39,In Stock,2026-02-14
INV00435,W013,P0065,145,113,In Stock,2026-02-02
INV00436,W020,P0028,934,48,In Stock,2025-08-19
INV00437,W012,P0017,777,86,In Stock,2026-07-08
INV00438,W014,P0187,356,98,In Stock,2026-01-20
INV00439,W003,P0078,811,150,In Stock,2026-01-26
INV00440,W019,P0147,137,109,In Stock,2026-06-21
INV00441,W006,P0054,163,123,In Stock,2025-12-07
INV00442,W004,P0124,948,135,In Stock,2026-03-03
INV00443,W015,P0091,715,146,In Stock,2026-04-30
INV00444,W010,P0077,410,95,In Stock,2025-08-17
INV00445,W004,P0016,778,25,In Stock,2026-07-25
INV00446,W007,P0087,806,94,In Stock,2026-04-12
INV00447,W002,P0084,344,87,In Stock,2026-02-06
INV00448,W004,P0122,969,150,In Stock,2025-12-17
INV00449,W018,P0130,703,118,In Stock,2026-05-17
INV00450,W016,P0184,40,92,Low Stock,2026-07-31
INV00451,W017,P0130,895,146,In Stock,2026-02-05
INV00452,W012,P0149,293,24,In Stock,2025-12-23
INV00453,W009,P0173,128,97,In Stock,2025-10-14
INV00454,W015,P0173,649,96,In Stock,2025-11-09
INV00455,W008,P0105,464,64,In Stock,2026-02-15
INV00456,W003,P0016,851,125,In Stock,2026-02-28
INV00457,W009,P0112,547,29,In Stock,2026-03-17
INV00458,W011,P0026,652,64,In Stock,2025-11-24
INV00459,W017,P0196,755,121,In Stock,2026-04-07
INV00460,W013,P0189,732,28,In Stock,2026-04-06
INV00461,W006,P0136,383,93,In Stock,2025-08-07
INV00462,W006,P0183,443,67,In Stock,2026-06-11
INV00463,W004,P0158,142,108,In Stock,2025-08-13
INV00464,W011,P0139,143,44,In Stock,2025-12-21
INV00465,W005,P0032,654,102,In Stock,2026-04-02
INV00466,W011,P0008,972,118,In Stock,2026-01-08
INV00467,W008,P0195,796,133,In Stock,2026-06-21
INV00468,W004,P0138,427,69,In Stock,2026-04-19
INV00469,W017,P0131,364,24,In Stock,2026-06-22
INV00470,W005,P0035,770,98,In Stock,2026-03-29
INV00471,W013,P0096,174,106,In Stock,2025-08-22
INV00472,W013,P0094,984,61,In Stock,2026-02-08
INV00473,W020,P0138,791,55,In Stock,2025-12-22
INV00474,W012,P0056,367,36,In Stock,2026-03-02
INV00475,W018,P0058,766,22,In Stock,2025-10-22
INV00476,W002,P0165,987,40,In Stock,2026-03-28
INV00477,W008,P0118,724,42,In Stock,2025-09-18
INV00478,W001,P0151,166,94,In Stock,2025-10-27
INV00479,W001,P0053,665,54,In Stock,2026-03-04
INV00480,W009,P0030,615,66,In Stock,2025-12-28
INV00481,W012,P0036,247,83,In Stock,2026-07-21
INV00482,W010,P0063,769,150,In Stock,2025-08-14
INV00483,W009,P0040,524,37,In Stock,2026-01-31
INV00484,W014,P0142,581,86,In Stock,2026-03-24
INV00485,W018,P0024,160,101,In Stock,2026-07-21
INV00486,W012,P0090,97,68,In Stock,2025-11-07
INV00487,W003,P0173,425,91,In Stock,2025-08-28
INV00488,W018,P0109,391,148,In Stock,2026-06-24
INV00489,W007,P0082,983,126,In Stock,2025-12-19
INV00490,W013,P0012,477,47,In Stock,2026-03-21
INV00491,W003,P0002,358,49,In Stock,2026-04-07
INV00492,W014,P0110,995,92,In Stock,2026-07-27
INV00493,W014,P0052,548,101,In Stock,2025-09-13
INV00494,W002,P0114,88,60,In Stock,2025-09-21
INV00495,W019,P0051,947,101,In Stock,2026-03-06
INV00496,W003,P0121,680,30,In Stock,2026-06-27
INV00497,W012,P0165,560,45,In Stock,2026-04-01
INV00498,W002,P0072,870,101,In Stock,2026-02-17
INV00499,W002,P0072,550,136,In Stock,2026-03-10
INV00500,W007,P0020,455,37,In Stock,2025-09-26
INV00501,W010,P0019,443,49,In Stock,2026-07-24
INV00502,W006,P0088,486,136,In Stock,2026-07-09
INV00503,W011,P0176,557,46,In Stock,2026-07-08
INV00504,W014,P0014,237,51,In Stock,2026-07-29
INV00505,W009,P0123,214,53,In Stock,2026-01-31
INV00506,W015,P0158,228,79,In Stock,2025-08-30
INV00507,W014,P0015,104,50,In Stock,2026-04-08
INV00508,W019,P0092,786,137,In Stock,2025-12-11
INV00509,W008,P0040,836,101,In Stock,2026-01-04
INV00510,W004,P0150,983,22,In Stock,2025-12-27
INV00511,W005,P0009,309,67,In Stock,2026-04-24
INV00512,W013,P0152,470,102,In Stock,2025-10-01
INV00513,W020,P0145,133,48,In Stock,2025-08-27
INV00514,W016,P0197,91,82,In Stock,2025-09-04
INV00515,W019,P0079,262,81,In Stock,2025-12-05
INV00516,W019,P0009,28,142,Low Stock,2026-01-26
INV00517,W013,P0085,920,113,In Stock,2026-04-07
INV00518,W004,P0197,56,92,Low Stock,2026-06-30
INV00519,W008,P0011,54,135,Low Stock,2025-12-19
INV00520,W015,P0170,267,107,In Stock,2025-09-30
INV00521,W017,P0185,26,56,Low Stock,2025-09-17
INV00522,W001,P0078,97,79,In Stock,2025-10-22
INV00523,W004,P0015,479,64,In Stock,2026-04-23
INV00524,W002,P0012,686,79,In Stock,2025-09-05
INV00525,W013,P0184,334,54,In Stock,2025-09-26
INV00526,W011,P0087,175,116,In Stock,2026-03-27
INV00527,W014,P0163,139,99,In Stock,2026-04-04
INV00528,W019,P0043,159,100,In Stock,2026-02-09
INV00529,W015,P0098,458,116,In Stock,2026-04-24
INV00530,W003,P0146,779,59,In Stock,2025-08-28
INV00531,W007,P0177,54,21,In Stock,2025-12-02
INV00532,W012,P0086,37,66,Low Stock,2026-05-04
INV00533,W019,P0095,610,135,In Stock,2026-02-20
INV00534,W006,P0166,811,118,In Stock,2026-01-28
INV00535,W019,P0141,904,125,In Stock,2025-12-13
INV00536,W011,P0132,499,140,In Stock,2025-12-23
INV00537,W008,P0046,775,142,In Stock,2025-11-04
INV00538,W012,P0191,188,101,In Stock,2026-07-08
INV00539,W003,P0168,644,145,In Stock,2025-08-22
INV00540,W010,P0157,523,114,In Stock,2026-08-02
INV00541,W020,P0056,79,86,Low Stock,2025-10-21
INV00542,W016,P0155,600,149,In Stock,2025-08-05
INV00543,W007,P0185,994,29,In Stock,2026-01-22
INV00544,W002,P0171,834,82,In Stock,2025-09-20
INV00545,W006,P0164,94,31,In Stock,2025-08-18
INV00546,W014,P0048,686,57,In Stock,2025-09-16
INV00547,W011,P0190,86,112,Low Stock,2026-03-25
INV00548,W010,P0131,915,144,In Stock,2025-08-16
INV00549,W012,P0029,322,127,In Stock,2026-05-26
INV00550,W009,P0092,520,74,In Stock,2025-10-01
INV00551,W008,P0002,373,28,In Stock,2025-08-08
INV00552,W011,P0036,438,117,In Stock,2025-09-28
INV00553,W014,P0126,843,92,In Stock,2025-12-15
INV00554,W003,P0182,969,91,In Stock,2025-11-24
INV00555,W012,P0114,711,55,In Stock,2026-02-04
INV00556,W002,P0017,492,104,In Stock,2025-11-26
INV00557,W006,P0167,258,57,In Stock,2026-07-19
INV00558,W012,P0111,310,112,In Stock,2026-02-08
INV00559,W011,P0048,735,20,In Stock,2026-07-14
INV00560,W006,P0161,43,86,Low Stock,2025-11-28
INV00561,W003,P0144,867,149,In Stock,2025-09-03
INV00562,W018,P0084,422,86,In Stock,2025-09-26
INV00563,W004,P0146,662,138,In Stock,2026-05-21
INV00564,W005,P0019,787,68,In Stock,2026-06-20
INV00565,W019,P0095,170,51,In Stock,2026-03-15
INV00566,W001,P0197,838,50,In Stock,2025-11-25
INV00567,W010,P0036,378,36,In Stock,2025-08-12
INV00568,W019,P0031,445,91,In Stock,2026-06-14
INV00569,W019,P0129,890,124,In Stock,2026-04-25
INV00570,W012,P0178,736,32,In Stock,2026-03-31
INV00571,W013,P0082,769,29,In Stock,2025-10-08
INV00572,W007,P0106,606,133,In Stock,2025-10-28
INV00573,W002,P0143,553,110,In Stock,2026-06-30
INV00574,W009,P0027,511,136,In Stock,2025-09-30
INV00575,W009,P0098,605,102,In Stock,2026-04-12
INV00576,W014,P0062,878,75,In Stock,2025-09-06
INV00577,W020,P0196,594,54,In Stock,2025-12-07
INV00578,W008,P0079,983,114,In Stock,2026-06-07
INV00579,W010,P0189,402,42,In Stock,2026-05-19
INV00580,W003,P0128,971,28,In Stock,2025-09-09
INV00581,W002,P0126,530,125,In Stock,2025-08-15
INV00582,W009,P0030,43,61,Low Stock,2026-06-17
INV00583,W006,P0122,589,41,In Stock,2026-05-09
INV00584,W004,P0041,999,115,In Stock,2025-11-09
INV00585,W020,P0120,14,92,Low Stock,2026-06-05
INV00586,W003,P0176,105,33,In Stock,2025-10-02
INV00587,W020,P0160,326,139,In Stock,2026-06-20
INV00588,W015,P0093,581,133,In Stock,2025-08-22
INV00589,W009,P0155,839,128,In Stock,2026-02-18
INV00590,W019,P0026,849,45,In Stock,2026-05-29
INV00591,W013,P0183,966,127,In Stock,2026-02-02
INV00592,W013,P0050,786,124,In Stock,2025-12-08
INV00593,W001,P0112,516,113,In Stock,2025-12-14
INV00594,W013,P0048,747,49,In Stock,2026-04-23
INV00595,W017,P0172,309,141,In Stock,2026-01-12
INV00596,W016,P0163,145,45,In Stock,2025-11-24
INV00597,W002,P0115,936,135,In Stock,2026-06-15
INV00598,W005,P0097,288,46,In Stock,2025-12-20
INV00599,W005,P0101,599,37,In Stock,2026-06-28
INV00600,W014,P0023,792,106,In Stock,2026-06-10
INV00601,W007,P0157,501,58,In Stock,2026-04-01
INV00602,W007,P0124,868,62,In Stock,2025-11-23
INV00603,W003,P0196,242,80,In Stock,2025-08-27
INV00604,W018,P0014,568,54,In Stock,2025-10-20
INV00605,W001,P0070,53,135,Low Stock,2025-10-10
INV00606,W017,P0198,731,42,In Stock,2025-09-13
INV00607,W018,P0137,494,40,In Stock,2026-04-28
INV00608,W010,P0004,754,49,In Stock,2026-06-28
INV00609,W014,P0093,384,97,In Stock,2025-09-30
INV00610,W010,P0143,435,67,In Stock,2025-11-17
INV00611,W004,P0070,593,84,In Stock,2026-04-10
INV00612,W016,P0156,618,89,In Stock,2026-06-20
INV00613,W004,P0102,488,122,In Stock,2026-07-09
INV00614,W006,P0075,557,31,In Stock,2025-10-29
INV00615,W008,P0153,752,60,In Stock,2025-12-29
INV00616,W016,P0128,785,88,In Stock,2025-09-13
INV00617,W016,P0017,947,85,In Stock,2026-08-03
INV00618,W013,P0077,485,58,In Stock,2026-06-07
INV00619,W010,P0021,710,59,In Stock,2025-11-11
INV00620,W010,P0177,834,36,In Stock,2026-05-10
INV00621,W019,P0119,856,88,In Stock,2026-02-16
INV00622,W017,P0015,616,100,In Stock,2026-02-01
INV00623,W010,P0049,419,48,In Stock,2025-11-15
INV00624,W003,P0172,958,144,In Stock,2025-10-01
INV00625,W004,P0138,822,52,In Stock,2026-05-21
INV00626,W018,P0152,740,63,In Stock,2026-05-24
INV00627,W007,P0054,60,51,In Stock,2026-06-30
INV00628,W018,P0082,877,118,In Stock,2026-04-23
INV00629,W001,P0037,781,102,In Stock,2026-03-14
INV00630,W019,P0177,309,33,In Stock,2025-11-12
INV00631,W012,P0129,483,42,In Stock,2026-07-17
INV00632,W010,P0154,293,100,In Stock,2026-05-28
INV00633,W015,P0145,894,99,In Stock,2026-03-18
INV00634,W011,P0007,31,132,Low Stock,2026-05-13
INV00635,W003,P0135,414,120,In Stock,2026-01-06
INV00636,W019,P0029,170,125,In Stock,2026-08-01
INV00637,W014,P0184,487,56,In Stock,2025-11-27
INV00638,W016,P0119,473,71,In Stock,2026-02-28
INV00639,W009,P0090,469,140,In Stock,2025-11-26
INV00640,W001,P0190,401,20,In Stock,2025-09-21
INV00641,W010,P0173,231,38,In Stock,2025-10-01
INV00642,W010,P0029,76,121,Low Stock,2025-10-27
INV00643,W020,P0108,120,134,Low Stock,2025-11-22
INV00644,W018,P0014,331,135,In Stock,2026-04-28
INV00645,W012,P0040,307,71,In Stock,2026-06-25
INV00646,W017,P0027,704,126,In Stock,2026-04-23
INV00647,W004,P0178,305,27,In Stock,2026-05-01
INV00648,W014,P0071,118,89,In Stock,2026-04-22
INV00649,W012,P0122,183,74,In Stock,2026-05-16
INV00650,W008,P0038,259,141,In Stock,2026-03-02
INV00651,W004,P0194,61,90,Low Stock,2026-03-12
INV00652,W016,P0076,878,123,In Stock,2025-12-03
INV00653,W016,P0153,11,141,Low Stock,2026-06-03
INV00654,W020,P0044,299,53,In Stock,2026-03-17
INV00655,W007,P0141,976,132,In Stock,2025-11-12
INV00656,W016,P0104,136,135,In Stock,2025-10-01
INV00657,W007,P0045,53,130,Low Stock,2025-10-08
INV00658,W007,P0178,885,69,In Stock,2025-09-04
INV00659,W020,P0053,276,91,In Stock,2026-07-14
INV00660,W013,P0031,414,143,In Stock,2025-10-16
INV00661,W004,P0124,46,29,In Stock,2026-05-07
INV00662,W005,P0192,561,118,In Stock,2026-04-17
INV00663,W009,P0158,177,136,In Stock,2025-09-12
INV00664,W002,P0045,623,60,In Stock,2026-02-28
INV00665,W011,P0114,143,69,In Stock,2026-07-26
INV00666,W011,P0117,225,128,In Stock,2026-08-01
INV00667,W006,P0103,293,113,In Stock,2026-06-21
INV00668,W008,P0169,20,143,Low Stock,2025-08-23
INV00669,W004,P0149,970,68,In Stock,2025-10-03
INV00670,W002,P0099,328,46,In Stock,2025-09-20
INV00671,W009,P0105,872,26,In Stock,2025-11-10
INV00672,W009,P0051,766,148,In Stock,2025-09-26
INV00673,W015,P0111,588,28,In Stock,2025-11-11
INV00674,W003,P0154,653,28,In Stock,2026-04-11
INV00675,W003,P0031,301,80,In Stock,2025-10-08
INV00676,W014,P0006,257,95,In Stock,2026-04-04
INV00677,W017,P0048,263,70,In Stock,2026-01-15
INV00678,W004,P0006,652,100,In Stock,2026-05-28
INV00679,W006,P0019,869,40,In Stock,2025-10-14
INV00680,W019,P0052,209,36,In Stock,2025-09-24
INV00681,W016,P0024,788,89,In Stock,2026-05-31
INV00682,W011,P0152,696,59,In Stock,2026-04-07
INV00683,W009,P0020,746,54,In Stock,2025-09-13
INV00684,W010,P0158,319,42,In Stock,2026-06-01
INV00685,W009,P0073,760,127,In Stock,2026-06-19
INV00686,W017,P0015,310,25,In Stock,2026-05-01
INV00687,W004,P0050,683,99,In Stock,2026-03-26
INV00688,W007,P0119,913,123,In Stock,2026-01-03
INV00689,W016,P0044,279,40,In Stock,2025-09-02
INV00690,W006,P0034,865,83,In Stock,2026-01-06
INV00691,W004,P0187,192,68,In Stock,2026-05-22
INV00692,W013,P0111,456,83,In Stock,2026-07-25
INV00693,W014,P0100,148,64,In Stock,2026-04-25
INV00694,W009,P0066,350,104,In Stock,2025-11-11
INV00695,W019,P0068,556,134,In Stock,2025-12-09
INV00696,W010,P0099,430,106,In Stock,2026-05-12
INV00697,W020,P0039,588,100,In Stock,2026-05-16
INV00698,W001,P0189,195,99,In Stock,2025-09-05
INV00699,W020,P0130,556,43,In Stock,2025-08-14
INV00700,W013,P0048,25,38,Low Stock,2026-01-22
INV00701,W005,P0038,410,75,In Stock,2026-01-07
INV00702,W012,P0093,794,35,In Stock,2025-08-27
INV00703,W005,P0029,31,25,In Stock,2026-03-17
INV00704,W013,P0120,896,46,In Stock,2026-03-23
INV00705,W009,P0188,418,103,In Stock,2026-05-31
INV00706,W013,P0060,801,112,In Stock,2025-11-10
INV00707,W002,P0027,368,147,In Stock,2026-03-24
INV00708,W011,P0042,223,63,In Stock,2025-12-26
INV00709,W014,P0184,884,116,In Stock,2026-03-05
INV00710,W015,P0081,318,147,In Stock,2025-08-23
INV00711,W019,P0027,649,102,In Stock,2026-06-30
INV00712,W010,P0030,808,116,In Stock,2025-10-05
INV00713,W002,P0095,718,145,In Stock,2026-04-23
INV00714,W008,P0038,684,95,In Stock,2026-04-09
INV00715,W020,P0122,539,111,In Stock,2025-09-25
INV00716,W013,P0126,554,90,In Stock,2026-06-03
INV00717,W019,P0154,721,38,In Stock,2025-11-17
INV00718,W013,P0136,499,68,In Stock,2026-04-20
INV00719,W001,P0194,394,35,In Stock,2026-06-22
INV00720,W005,P0199,525,78,In Stock,2026-01-12
INV00721,W002,P0151,456,58,In Stock,2026-07-14
INV00722,W014,P0080,822,92,In Stock,2025-09-20
INV00723,W015,P0183,601,121,In Stock,2026-05-22
INV00724,W007,P0073,667,122,In Stock,2025-12-05
INV00725,W012,P0141,389,133,In Stock,2026-06-14
INV00726,W018,P0001,573,39,In Stock,2026-06-25
INV00727,W008,P0053,853,96,In Stock,2026-01-23
INV00728,W020,P0163,281,84,In Stock,2026-08-03
INV00729,W009,P0052,495,71,In Stock,2026-01-27
INV00730,W012,P0071,824,141,In Stock,2026-01-12
INV00731,W006,P0125,637,51,In Stock,2026-01-20
INV00732,W017,P0198,914,116,In Stock,2026-02-16
INV00733,W020,P0186,422,25,In Stock,2025-11-15
INV00734,W007,P0194,260,44,In Stock,2026-03-05
INV00735,W002,P0055,477,144,In Stock,2026-01-03
INV00736,W018,P0009,952,115,In Stock,2026-05-14
INV00737,W019,P0071,750,132,In Stock,2025-12-28
INV00738,W003,P0042,224,35,In Stock,2026-01-24
INV00739,W005,P0173,977,145,In Stock,2026-07-24
INV00740,W005,P0124,373,28,In Stock,2026-04-01
INV00741,W011,P0033,570,31,In Stock,2025-08-30
INV00742,W009,P0015,827,86,In Stock,2025-08-21
INV00743,W017,P0010,364,45,In Stock,2026-03-17
INV00744,W005,P0197,942,116,In Stock,2026-07-05
INV00745,W006,P0191,62,55,In Stock,2025-12-19
INV00746,W005,P0032,62,119,Low Stock,2026-06-22
INV00747,W017,P0047,410,125,In Stock,2026-07-14
INV00748,W009,P0019,568,136,In Stock,2026-05-23
INV00749,W015,P0129,13,115,Low Stock,2026-06-22
INV00750,W013,P0116,739,24,In Stock,2026-01-06
INV00751,W006,P0151,704,26,In Stock,2026-05-28
INV00752,W005,P0041,939,100,In Stock,2026-06-03
INV00753,W011,P0185,649,76,In Stock,2025-09-08
INV00754,W013,P0097,932,110,In Stock,2025-10-25
INV00755,W011,P0172,968,131,In Stock,2026-04-29
INV00756,W014,P0066,874,122,In Stock,2025-08-14
INV00757,W018,P0136,36,89,Low Stock,2026-08-01
INV00758,W002,P0063,73,55,In Stock,2025-10-15
INV00759,W016,P0044,905,111,In Stock,2025-11-10
INV00760,W016,P0054,640,144,In Stock,2026-05-05
INV00761,W005,P0042,307,124,In Stock,2026-07-24
INV00762,W004,P0179,627,114,In Stock,2025-12-30
INV00763,W004,P0119,106,127,Low Stock,2025-12-18
INV00764,W003,P0075,786,138,In Stock,2026-01-05
INV00765,W005,P0196,722,104,In Stock,2026-06-15
INV00766,W016,P0191,609,97,In Stock,2026-04-20
INV00767,W010,P0119,227,144,In Stock,2026-05-21
INV00768,W020,P0034,799,139,In Stock,2025-12-19
INV00769,W014,P0114,880,87,In Stock,2026-01-14
INV00770,W009,P0182,368,75,In Stock,2026-02-03
INV00771,W014,P0042,444,79,In Stock,2026-06-02
INV00772,W006,P0059,146,57,In Stock,2026-07-27
INV00773,W001,P0165,42,61,Low Stock,2026-06-18
INV00774,W020,P0174,696,85,In Stock,2025-10-13
INV00775,W020,P0129,48,111,Low Stock,2026-04-25
INV00776,W011,P0137,334,59,In Stock,2026-03-28
INV00777,W014,P0077,779,78,In Stock,2025-10-07
INV00778,W013,P0087,223,84,In Stock,2026-03-28
INV00779,W016,P0110,822,126,In Stock,2025-12-21
INV00780,W006,P0190,947,31,In Stock,2026-01-03
INV00781,W003,P0108,878,91,In Stock,2026-04-01
INV00782,W013,P0112,228,123,In Stock,2026-04-08
INV00783,W002,P0033,942,97,In Stock,2026-02-25
INV00784,W011,P0173,660,132,In Stock,2026-02-19
INV00785,W017,P0081,914,75,In Stock,2026-03-19
INV00786,W011,P0099,945,25,In Stock,2026-02-05
INV00787,W018,P0102,471,146,In Stock,2026-01-29
INV00788,W011,P0113,615,29,In Stock,2026-06-28
INV00789,W007,P0098,727,58,In Stock,2026-03-02
INV00790,W015,P0091,883,102,In Stock,2025-09-17
INV00791,W005,P0037,117,51,In Stock,2026-01-28
INV00792,W017,P0114,862,72,In Stock,2026-08-01
INV00793,W002,P0145,730,65,In Stock,2025-11-04
INV00794,W019,P0098,991,53,In Stock,2026-05-04
INV00795,W001,P0008,52,67,Low Stock,2026-04-11
INV00796,W011,P0117,518,103,In Stock,2026-02-05
INV00797,W016,P0056,949,135,In Stock,2025-10-25
INV00798,W010,P0197,866,115,In Stock,2025-09-17
INV00799,W003,P0133,923,131,In Stock,2025-08-10
INV00800,W003,P0119,190,67,In Stock,2026-06-02
INV00801,W020,P0180,948,117,In Stock,2026-03-13
INV00802,W014,P0017,366,111,In Stock,2026-06-10
INV00803,W020,P0014,98,56,In Stock,2025-11-24
INV00804,W017,P0050,957,120,In Stock,2025-09-09
INV00805,W004,P0168,762,60,In Stock,2025-10-29
INV00806,W007,P0138,44,134,Low Stock,2026-02-20
INV00807,W017,P0027,294,57,In Stock,2026-03-22
INV00808,W011,P0072,949,89,In Stock,2026-07-17
INV00809,W006,P0088,788,107,In Stock,2025-11-14
INV00810,W003,P0112,533,97,In Stock,2025-10-26
INV00811,W016,P0028,734,82,In Stock,2025-09-28
INV00812,W018,P0115,803,27,In Stock,2026-01-01
INV00813,W017,P0097,299,145,In Stock,2026-05-11
INV00814,W012,P0034,47,42,In Stock,2026-01-16
INV00815,W009,P0046,834,36,In Stock,2026-01-21
INV00816,W010,P0146,878,30,In Stock,2025-08-22
INV00817,W009,P0089,114,149,Low Stock,2026-06-15
INV00818,W018,P0094,449,140,In Stock,2025-11-19
INV00819,W018,P0031,999,62,In Stock,2026-05-21
INV00820,W002,P0067,700,130,In Stock,2025-12-12
INV00821,W016,P0080,824,96,In Stock,2025-08-15
INV00822,W001,P0014,19,43,Low Stock,2025-09-08
INV00823,W003,P0085,819,105,In Stock,2026-02-07
INV00824,W005,P0178,482,22,In Stock,2025-08-17
INV00825,W016,P0127,396,34,In Stock,2025-10-16
INV00826,W002,P0117,978,97,In Stock,2026-04-21
INV00827,W011,P0032,238,121,In Stock,2026-08-03
INV00828,W017,P0179,815,110,In Stock,2025-11-10
INV00829,W018,P0095,303,54,In Stock,2026-02-23
INV00830,W011,P0102,316,146,In Stock,2026-03-20
INV00831,W018,P0131,680,50,In Stock,2025-11-23
INV00832,W002,P0036,591,99,In Stock,2025-11-07
INV00833,W003,P0045,670,37,In Stock,2026-06-17
INV00834,W011,P0200,770,123,In Stock,2026-03-04
INV00835,W005,P0199,689,87,In Stock,2025-10-17
INV00836,W004,P0115,608,129,In Stock,2026-03-14
INV00837,W017,P0026,110,150,Low Stock,2026-07-04
INV00838,W006,P0004,484,49,In Stock,2025-10-17
INV00839,W010,P0167,699,57,In Stock,2026-05-28
INV00840,W011,P0003,205,138,In Stock,2025-10-27
INV00841,W004,P0111,254,37,In Stock,2026-05-20
INV00842,W014,P0078,412,102,In Stock,2025-09-06
INV00843,W009,P0066,762,39,In Stock,2026-03-23
INV00844,W007,P0014,349,51,In Stock,2026-02-07
INV00845,W001,P0184,812,68,In Stock,2025-11-25
INV00846,W015,P0152,321,58,In Stock,2026-04-30
INV00847,W008,P0098,475,113,In Stock,2026-03-06
INV00848,W003,P0130,298,88,In Stock,2025-10-24
INV00849,W018,P0114,312,43,In Stock,2025-11-24
INV00850,W007,P0044,247,55,In Stock,2026-06-16
INV00851,W014,P0003,201,24,In Stock,2025-12-06
INV00852,W015,P0174,718,98,In Stock,2026-06-04
INV00853,W015,P0134,399,117,In Stock,2026-07-03
INV00854,W017,P0171,359,96,In Stock,2025-12-01
INV00855,W013,P0169,920,67,In Stock,2026-02-16
INV00856,W002,P0037,622,98,In Stock,2026-06-13
INV00857,W016,P0073,275,74,In Stock,2025-10-12
INV00858,W017,P0043,232,108,In Stock,2026-07-28
INV00859,W001,P0159,544,146,In Stock,2026-01-08
INV00860,W012,P0098,418,94,In Stock,2025-12-19
INV00861,W017,P0169,94,95,Low Stock,2026-04-07
INV00862,W019,P0107,494,65,In Stock,2026-05-09
INV00863,W017,P0033,519,41,In Stock,2026-04-18
INV00864,W009,P0166,231,145,In Stock,2025-09-27
INV00865,W003,P0085,915,51,In Stock,2026-05-04
INV00866,W014,P0118,688,119,In Stock,2026-04-25
INV00867,W013,P0199,92,126,Low Stock,2026-03-16
INV00868,W015,P0104,694,35,In Stock,2026-04-26
INV00869,W009,P0116,884,38,In Stock,2026-06-17
INV00870,W005,P0010,262,87,In Stock,2025-11-14
INV00871,W019,P0006,267,36,In Stock,2026-02-14
INV00872,W014,P0025,590,131,In Stock,2026-07-27
INV00873,W008,P0152,747,112,In Stock,2026-03-26
INV00874,W012,P0001,527,126,In Stock,2025-09-06
INV00875,W017,P0045,933,80,In Stock,2025-09-11
INV00876,W011,P0020,749,43,In Stock,2026-01-16
INV00877,W006,P0029,193,78,In Stock,2026-01-24
INV00878,W003,P0094,742,136,In Stock,2026-01-10
INV00879,W011,P0132,168,76,In Stock,2026-03-19
INV00880,W014,P0199,333,88,In Stock,2026-04-24
INV00881,W017,P0062,466,128,In Stock,2026-04-07
INV00882,W020,P0146,616,138,In Stock,2026-06-28
INV00883,W012,P0079,162,114,In Stock,2026-07-18
INV00884,W017,P0084,157,49,In Stock,2026-03-10
INV00885,W020,P0002,171,52,In Stock,2026-06-19
INV00886,W005,P0079,252,121,In Stock,2025-09-19
INV00887,W014,P0114,839,57,In Stock,2026-06-03
INV00888,W001,P0058,541,37,In Stock,2026-01-14
INV00889,W015,P0130,998,105,In Stock,2025-12-09
INV00890,W004,P0111,283,31,In Stock,2026-06-14
INV00891,W003,P0148,593,140,In Stock,2026-05-19
INV00892,W002,P0003,769,33,In Stock,2025-10-22
INV00893,W018,P0140,945,100,In Stock,2025-11-21
INV00894,W006,P0038,361,25,In Stock,2025-10-23
INV00895,W010,P0050,706,119,In Stock,2026-03-03
INV00896,W002,P0023,651,59,In Stock,2025-10-24
INV00897,W013,P0108,769,150,In Stock,2026-07-03
INV00898,W016,P0072,247,143,In Stock,2026-04-15
INV00899,W009,P0105,646,88,In Stock,2026-07-23
INV00900,W020,P0135,384,126,In Stock,2025-11-28
INV00901,W002,P0076,181,49,In Stock,2026-01-13
INV00902,W007,P0045,964,123,In Stock,2026-07-21
INV00903,W016,P0117,869,57,In Stock,2026-06-14
INV00904,W008,P0049,115,71,In Stock,2026-03-21
INV00905,W018,P0137,261,50,In Stock,2026-06-03
INV00906,W009,P0108,737,76,In Stock,2026-01-31
INV00907,W013,P0158,376,73,In Stock,2025-12-12
INV00908,W012,P0064,187,130,In Stock,2025-08-12
INV00909,W002,P0137,171,123,In Stock,2026-07-20
INV00910,W013,P0107,606,76,In Stock,2026-01-01
INV00911,W012,P0094,944,87,In Stock,2026-04-19
INV00912,W005,P0182,320,54,In Stock,2025-12-06
INV00913,W009,P0077,572,87,In Stock,2025-12-08
INV00914,W008,P0083,477,68,In Stock,2026-06-02
INV00915,W016,P0055,52,37,In Stock,2025-08-14
INV00916,W016,P0008,798,149,In Stock,2026-06-05
INV00917,W001,P0105,267,110,In Stock,2025-08-30
INV00918,W002,P0034,629,61,In Stock,2026-06-19
INV00919,W010,P0005,221,23,In Stock,2026-01-09
INV00920,W012,P0020,671,143,In Stock,2026-03-17
INV00921,W007,P0001,930,21,In Stock,2026-02-14
INV00922,W013,P0114,310,115,In Stock,2025-11-09
INV00923,W002,P0176,725,52,In Stock,2026-02-22
INV00924,W020,P0004,679,144,In Stock,2025-10-18
INV00925,W017,P0110,931,103,In Stock,2026-01-03
INV00926,W013,P0193,819,125,In Stock,2025-11-07
INV00927,W013,P0140,295,60,In Stock,2025-12-03
INV00928,W005,P0048,642,144,In Stock,2026-04-29
INV00929,W005,P0111,732,44,In Stock,2026-03-01
INV00930,W016,P0111,990,78,In Stock,2026-02-21
INV00931,W005,P0080,82,50,In Stock,2026-06-01
INV00932,W010,P0186,932,109,In Stock,2026-03-09
INV00933,W012,P0184,446,30,In Stock,2026-03-22
INV00934,W001,P0060,23,33,Low Stock,2025-12-21
INV00935,W001,P0037,271,139,In Stock,2026-07-11
INV00936,W006,P0096,168,34,In Stock,2026-04-16
INV00937,W008,P0184,571,29,In Stock,2026-01-18
INV00938,W004,P0120,976,107,In Stock,2025-11-05
INV00939,W020,P0078,805,115,In Stock,2026-03-28
INV00940,W006,P0081,675,144,In Stock,2025-12-29
INV00941,W018,P0046,818,137,In Stock,2026-05-09
INV00942,W017,P0173,980,125,In Stock,2026-02-15
INV00943,W004,P0169,373,28,In Stock,2026-03-22
INV00944,W002,P0118,619,125,In Stock,2026-04-20
INV00945,W015,P0159,675,75,In Stock,2025-08-22
INV00946,W002,P0192,101,24,In Stock,2025-10-22
INV00947,W002,P0130,666,63,In Stock,2026-06-03
INV00948,W020,P0069,239,132,In Stock,2025-10-19
INV00949,W012,P0122,120,130,Low Stock,2025-09-25
INV00950,W017,P0081,182,128,In Stock,2026-07-26
INV00951,W009,P0112,709,137,In Stock,2026-02-23
INV00952,W010,P0102,983,55,In Stock,2025-11-26
INV00953,W014,P0146,850,119,In Stock,2026-03-21
INV00954,W020,P0165,313,20,In Stock,2026-03-22
INV00955,W017,P0031,539,57,In Stock,2025-12-14
INV00956,W006,P0126,143,96,In Stock,2026-03-22
INV00957,W007,P0045,444,124,In Stock,2026-01-25
INV00958,W020,P0148,544,103,In Stock,2026-03-04
INV00959,W010,P0149,167,127,In Stock,2026-07-24
INV00960,W010,P0037,712,61,In Stock,2025-12-15
INV00961,W007,P0123,413,138,In Stock,2026-02-22
INV00962,W007,P0026,97,97,Low Stock,2026-02-17
INV00963,W020,P0006,433,70,In Stock,2026-08-03
INV00964,W006,P0133,385,108,In Stock,2025-10-27
INV00965,W017,P0144,632,88,In Stock,2026-03-12
INV00966,W015,P0139,878,122,In Stock,2025-11-06
INV00967,W008,P0082,98,86,In Stock,2026-05-14
INV00968,W003,P0040,638,111,In Stock,2026-01-28
INV00969,W010,P0137,878,102,In Stock,2025-11-09
INV00970,W008,P0131,613,147,In Stock,2026-01-16
INV00971,W008,P0118,488,113,In Stock,2025-08-14
INV00972,W019,P0118,571,73,In Stock,2026-04-12
INV00973,W002,P0150,607,44,In Stock,2025-08-28
INV00974,W012,P0024,59,125,Low Stock,2026-02-16
INV00975,W001,P0127,919,25,In Stock,2025-09-21
INV00976,W015,P0055,914,27,In Stock,2025-08-07
INV00977,W001,P0152,204,55,In Stock,2025-10-06
INV00978,W003,P0184,807,40,In Stock,2026-04-30
INV00979,W013,P0198,183,57,In Stock,2026-05-08
INV00980,W002,P0089,150,130,In Stock,2026-07-25
INV00981,W006,P0009,230,95,In Stock,2026-07-28
INV00982,W005,P0041,661,33,In Stock,2026-07-23
INV00983,W009,P0046,362,129,In Stock,2026-07-05
INV00984,W011,P0072,970,25,In Stock,2025-12-04
INV00985,W020,P0126,105,86,In Stock,2026-01-10
INV00986,W013,P0136,465,126,In Stock,2026-06-11
INV00987,W018,P0065,323,114,In Stock,2026-07-16
INV00988,W013,P0117,209,143,In Stock,2026-06-28
INV00989,W001,P0100,542,64,In Stock,2026-06-12
INV00990,W009,P0074,53,60,Low Stock,2026-02-19
INV00991,W015,P0138,345,120,In Stock,2026-03-28
INV00992,W010,P0169,800,60,In Stock,2026-07-24
INV00993,W014,P0185,751,73,In Stock,2026-04-19
INV00994,W009,P0103,748,75,In Stock,2026-03-21
INV00995,W019,P0033,129,35,In Stock,2026-01-29
INV00996,W019,P0196,274,43,In Stock,2025-11-29
INV00997,W014,P0122,473,116,In Stock,2026-01-20
INV00998,W001,P0007,685,27,In Stock,2026-05-17
INV00999,W020,P0131,20,45,Low Stock,2026-06-18
INV01000,W007,P0057,29,115,Low Stock,2026-01-28
INV01001,W012,P0053,357,80,In Stock,2025-09-25
INV01002,W007,P0004,626,84,In Stock,2025-12-20
INV01003,W007,P0066,783,86,In Stock,2026-01-24
INV01004,W006,P0005,729,122,In Stock,2025-10-19
INV01005,W008,P0022,963,62,In Stock,2026-05-28
INV01006,W010,P0182,474,69,In Stock,2026-02-11
INV01007,W016,P0026,415,21,In Stock,2026-02-01
INV01008,W012,P0014,491,52,In Stock,2026-04-23
INV01009,W016,P0109,339,43,In Stock,2025-09-25
INV01010,W009,P0051,18,91,Low Stock,2026-07-28
INV01011,W017,P0083,209,104,In Stock,2026-08-02
INV01012,W010,P0153,160,144,In Stock,2025-10-10
INV01013,W012,P0062,670,47,In Stock,2025-09-21
INV01014,W020,P0098,809,66,In Stock,2026-02-15
INV01015,W007,P0091,81,58,In Stock,2025-10-16
INV01016,W018,P0147,504,83,In Stock,2026-03-11
INV01017,W015,P0089,365,43,In Stock,2026-01-14
INV01018,W019,P0019,521,25,In Stock,2026-04-20
INV01019,W014,P0090,353,116,In Stock,2026-04-25
INV01020,W009,P0122,891,99,In Stock,2026-03-24
INV01021,W003,P0187,791,93,In Stock,2025-11-29
INV01022,W001,P0154,481,129,In Stock,2026-04-18
INV01023,W020,P0170,319,111,In Stock,2026-03-26
INV01024,W010,P0072,166,74,In Stock,2025-09-02
INV01025,W019,P0184,631,139,In Stock,2026-07-01
INV01026,W019,P0196,891,142,In Stock,2026-05-26
INV01027,W010,P0194,81,67,In Stock,2026-02-08
INV01028,W008,P0019,189,108,In Stock,2025-08-17
INV01029,W008,P0191,336,126,In Stock,2025-08-30
INV01030,W020,P0147,445,128,In Stock,2026-06-15
INV01031,W009,P0171,500,98,In Stock,2025-10-23
INV01032,W009,P0105,529,132,In Stock,2026-06-16
INV01033,W011,P0016,531,95,In Stock,2026-06-27
INV01034,W003,P0190,678,37,In Stock,2026-03-20
INV01035,W020,P0159,421,116,In Stock,2025-08-07
INV01036,W007,P0104,489,102,In Stock,2025-08-09
INV01037,W020,P0194,842,64,In Stock,2025-11-13
INV01038,W012,P0028,75,101,Low Stock,2025-11-27
INV01039,W007,P0125,650,141,In Stock,2026-05-28
INV01040,W006,P0058,41,145,Low Stock,2026-05-27
INV01041,W008,P0066,117,86,In Stock,2026-06-28
INV01042,W004,P0088,469,128,In Stock,2025-08-27
INV01043,W014,P0189,181,40,In Stock,2026-06-02
INV01044,W014,P0107,695,131,In Stock,2025-08-13
INV01045,W014,P0110,221,51,In Stock,2026-07-19
INV01046,W019,P0041,599,76,In Stock,2025-09-08
INV01047,W009,P0055,954,72,In Stock,2026-03-12
INV01048,W002,P0008,544,128,In Stock,2026-05-22
INV01049,W020,P0023,111,76,In Stock,2025-12-22
INV01050,W005,P0018,592,68,In Stock,2025-11-26
INV01051,W011,P0138,968,139,In Stock,2025-12-18
INV01052,W016,P0112,355,118,In Stock,2025-09-08
INV01053,W020,P0174,863,51,In Stock,2026-04-08
INV01054,W010,P0155,382,87,In Stock,2026-03-26
INV01055,W016,P0022,951,29,In Stock,2025-11-09
INV01056,W012,P0162,638,147,In Stock,2026-02-24
INV01057,W018,P0022,798,82,In Stock,2025-08-15
INV01058,W018,P0048,122,143,Low Stock,2026-06-04
INV01059,W006,P0136,86,41,In Stock,2026-01-17
INV01060,W013,P0144,932,57,In Stock,2026-05-14
INV01061,W007,P0064,470,22,In Stock,2026-02-10
INV01062,W015,P0145,168,34,In Stock,2026-05-10
INV01063,W015,P0165,370,137,In Stock,2025-08-25
INV01064,W008,P0200,215,64,In Stock,2025-12-25
INV01065,W006,P0007,397,82,In Stock,2026-03-04
INV01066,W009,P0081,743,50,In Stock,2025-10-14
INV01067,W008,P0164,563,63,In Stock,2025-11-07
INV01068,W002,P0042,835,60,In Stock,2026-03-23
INV01069,W011,P0039,849,95,In Stock,2026-07-12
INV01070,W006,P0027,842,141,In Stock,2025-12-31
INV01071,W014,P0069,467,99,In Stock,2026-03-15
INV01072,W020,P0023,524,92,In Stock,2026-07-27
INV01073,W013,P0165,785,58,In Stock,2026-05-05
INV01074,W018,P0032,543,113,In Stock,2026-06-08
INV01075,W017,P0143,987,22,In Stock,2026-07-09
INV01076,W011,P0025,961,25,In Stock,2025-10-22
INV01077,W011,P0089,228,135,In Stock,2026-06-14
INV01078,W004,P0198,110,34,In Stock,2026-03-21
INV01079,W001,P0163,703,63,In Stock,2026-03-13
INV01080,W015,P0185,453,68,In Stock,2025-12-25
INV01081,W015,P0086,140,45,In Stock,2025-10-15
INV01082,W014,P0177,557,66,In Stock,2026-06-07
INV01083,W006,P0050,700,31,In Stock,2025-11-09
INV01084,W005,P0077,699,128,In Stock,2025-11-20
INV01085,W020,P0126,904,93,In Stock,2025-12-16
INV01086,W014,P0155,88,138,Low Stock,2026-07-16
INV01087,W012,P0133,68,33,In Stock,2025-09-02
INV01088,W001,P0085,600,44,In Stock,2026-07-08
INV01089,W017,P0109,873,62,In Stock,2026-03-14
INV01090,W006,P0098,66,44,In Stock,2026-07-29
INV01091,W004,P0007,614,49,In Stock,2025-12-05
INV01092,W008,P0073,910,66,In Stock,2026-06-14
INV01093,W010,P0061,985,110,In Stock,2026-06-12
INV01094,W018,P0133,712,27,In Stock,2025-09-09
INV01095,W010,P0171,312,150,In Stock,2025-11-20
INV01096,W014,P0046,609,54,In Stock,2026-06-01
INV01097,W002,P0044,75,142,Low Stock,2025-11-17
INV01098,W001,P0035,270,41,In Stock,2025-09-11
INV01099,W007,P0089,578,109,In Stock,2025-11-24
INV01100,W019,P0097,629,79,In Stock,2025-10-03
INV01101,W001,P0192,117,93,In Stock,2025-11-10
INV01102,W013,P0113,76,67,In Stock,2025-11-26
INV01103,W003,P0048,179,145,In Stock,2026-01-12
INV01104,W013,P0165,140,87,In Stock,2026-06-17
INV01105,W016,P0152,636,142,In Stock,2025-12-31
INV01106,W009,P0158,796,142,In Stock,2026-06-20
INV01107,W010,P0111,930,94,In Stock,2026-05-24
INV01108,W020,P0057,844,143,In Stock,2025-11-03
INV01109,W018,P0098,384,46,In Stock,2026-03-15
INV01110,W013,P0186,688,46,In Stock,2026-03-22
INV01111,W005,P0055,147,98,In Stock,2026-04-05
INV01112,W019,P0172,63,70,Low Stock,2026-02-17
INV01113,W011,P0012,665,149,In Stock,2026-01-28
INV01114,W008,P0043,203,43,In Stock,2025-10-04
INV01115,W001,P0146,263,83,In Stock,2026-02-11
INV01116,W007,P0107,38,28,In Stock,2026-01-01
INV01117,W018,P0016,2,126,Low Stock,2025-12-10
INV01118,W007,P0020,770,80,In Stock,2026-08-01
INV01119,W007,P0180,725,106,In Stock,2025-08-10
INV01120,W008,P0109,736,27,In Stock,2026-07-21
INV01121,W018,P0064,189,143,In Stock,2025-09-15
INV01122,W016,P0160,575,102,In Stock,2026-08-04
INV01123,W002,P0011,177,43,In Stock,2026-06-23
INV01124,W011,P0152,349,60,In Stock,2026-07-07
INV01125,W020,P0140,521,33,In Stock,2026-03-31
INV01126,W020,P0068,387,49,In Stock,2026-01-23
INV01127,W001,P0020,523,109,In Stock,2025-11-27
INV01128,W006,P0128,254,141,In Stock,2025-08-08
INV01129,W015,P0148,693,94,In Stock,2025-10-29
INV01130,W012,P0035,690,21,In Stock,2026-03-24
INV01131,W015,P0079,610,144,In Stock,2026-01-20
INV01132,W014,P0055,904,148,In Stock,2025-09-25
INV01133,W008,P0057,806,100,In Stock,2026-01-31
INV01134,W001,P0029,59,139,Low Stock,2026-06-29
INV01135,W008,P0133,250,64,In Stock,2026-03-11
INV01136,W015,P0128,160,115,In Stock,2026-07-10
INV01137,W004,P0004,555,134,In Stock,2026-03-04
INV01138,W007,P0013,919,143,In Stock,2025-08-30
INV01139,W008,P0076,383,46,In Stock,2025-10-28
INV01140,W013,P0175,890,60,In Stock,2025-11-21
INV01141,W007,P0031,386,97,In Stock,2025-08-16
INV01142,W007,P0151,942,101,In Stock,2026-01-14
INV01143,W009,P0151,565,115,In Stock,2026-03-09
INV01144,W001,P0038,373,78,In Stock,2026-07-03
INV01145,W004,P0073,467,98,In Stock,2026-06-24
INV01146,W001,P0135,808,134,In Stock,2025-11-21
INV01147,W011,P0138,612,25,In Stock,2026-07-24
INV01148,W011,P0017,415,122,In Stock,2026-02-26
INV01149,W019,P0015,260,149,In Stock,2025-09-09
INV01150,W013,P0041,871,79,In Stock,2025-09-30
INV01151,W011,P0125,944,114,In Stock,2025-08-05
INV01152,W002,P0176,141,82,In Stock,2025-11-05
INV01153,W011,P0005,393,71,In Stock,2026-03-23
INV01154,W001,P0095,296,90,In Stock,2026-05-26
INV01155,W013,P0096,450,98,In Stock,2026-06-18
INV01156,W020,P0132,956,142,In Stock,2025-11-23
INV01157,W006,P0059,700,41,In Stock,2026-03-16
INV01158,W010,P0077,237,106,In Stock,2026-07-07
INV01159,W019,P0090,613,75,In Stock,2025-09-26
INV01160,W010,P0013,566,120,In Stock,2025-10-12
INV01161,W010,P0192,258,96,In Stock,2026-04-15
INV01162,W014,P0178,906,150,In Stock,2025-12-09
INV01163,W016,P0017,654,27,In Stock,2026-03-26
INV01164,W002,P0150,656,114,In Stock,2026-07-05
INV01165,W015,P0165,182,39,In Stock,2025-12-14
INV01166,W007,P0039,444,148,In Stock,2025-10-17
INV01167,W012,P0120,758,27,In Stock,2026-01-10
INV01168,W002,P0105,655,82,In Stock,2026-01-06
INV01169,W010,P0056,808,28,In Stock,2026-03-02
INV01170,W018,P0191,728,28,In Stock,2025-08-23
INV01171,W020,P0032,201,115,In Stock,2026-05-15
INV01172,W012,P0135,171,87,In Stock,2026-04-25
INV01173,W003,P0117,181,144,In Stock,2025-09-07
INV01174,W003,P0147,778,57,In Stock,2026-05-29
INV01175,W018,P0007,429,111,In Stock,2025-10-25
INV01176,W007,P0024,241,125,In Stock,2026-05-09
INV01177,W003,P0165,976,59,In Stock,2026-05-23
INV01178,W005,P0082,580,59,In Stock,2025-12-27
INV01179,W009,P0023,573,31,In Stock,2025-12-20
INV01180,W020,P0032,892,45,In Stock,2025-08-26
INV01181,W017,P0035,386,50,In Stock,2026-07-31
INV01182,W008,P0189,550,45,In Stock,2025-09-06
INV01183,W003,P0095,537,34,In Stock,2025-10-27
INV01184,W014,P0102,691,63,In Stock,2025-12-06
INV01185,W009,P0094,627,90,In Stock,2025-12-30
INV01186,W017,P0130,322,149,In Stock,2026-03-13
INV01187,W008,P0030,583,21,In Stock,2026-07-07
INV01188,W008,P0010,423,60,In Stock,2026-01-09
INV01189,W007,P0128,463,123,In Stock,2026-04-26
INV01190,W011,P0123,286,145,In Stock,2026-07-14
INV01191,W016,P0144,353,33,In Stock,2026-05-12
INV01192,W001,P0158,867,117,In Stock,2026-05-02
INV01193,W013,P0097,942,142,In Stock,2025-09-25
INV01194,W002,P0044,955,142,In Stock,2026-08-01
INV01195,W009,P0046,966,64,In Stock,2026-04-22
INV01196,W012,P0099,803,78,In Stock,2025-08-20
INV01197,W004,P0109,487,31,In Stock,2026-01-16
INV01198,W014,P0141,237,96,In Stock,2026-06-25
INV01199,W009,P0011,820,75,In Stock,2026-02-08
INV01200,W017,P0193,587,62,In Stock,2025-12-09
INV01201,W015,P0143,883,49,In Stock,2026-03-15
INV01202,W011,P0023,537,144,In Stock,2026-07-06
INV01203,W005,P0045,766,82,In Stock,2026-01-14
INV01204,W018,P0141,136,78,In Stock,2026-01-08
INV01205,W013,P0004,593,108,In Stock,2025-12-08
INV01206,W007,P0033,218,59,In Stock,2026-05-25
INV01207,W019,P0036,749,41,In Stock,2026-03-13
INV01208,W011,P0012,522,141,In Stock,2026-03-25
INV01209,W020,P0133,237,130,In Stock,2025-11-21
INV01210,W013,P0065,101,30,In Stock,2025-12-31
INV01211,W014,P0060,307,29,In Stock,2025-12-08
INV01212,W003,P0068,537,99,In Stock,2026-02-04
INV01213,W002,P0078,868,69,In Stock,2026-08-05
INV01214,W014,P0016,752,85,In Stock,2025-10-30
INV01215,W015,P0023,331,106,In Stock,2026-04-04
INV01216,W003,P0054,691,70,In Stock,2025-12-17
INV01217,W014,P0117,968,29,In Stock,2025-08-29
INV01218,W019,P0162,756,24,In Stock,2026-08-04
INV01219,W010,P0175,68,97,Low Stock,2025-09-13
INV01220,W013,P0119,380,57,In Stock,2026-07-20
INV01221,W016,P0080,446,26,In Stock,2025-12-22
INV01222,W012,P0010,838,72,In Stock,2025-08-12
INV01223,W015,P0127,268,70,In Stock,2026-01-14
INV01224,W005,P0142,662,25,In Stock,2026-03-04
INV01225,W016,P0184,493,20,In Stock,2026-05-03
INV01226,W011,P0102,432,117,In Stock,2025-09-20
INV01227,W014,P0167,325,140,In Stock,2026-01-19
INV01228,W020,P0120,411,111,In Stock,2025-09-22
INV01229,W005,P0100,11,87,Low Stock,2026-01-19
INV01230,W012,P0178,132,43,In Stock,2025-09-18
INV01231,W017,P0120,174,82,In Stock,2025-09-10
INV01232,W004,P0116,400,55,In Stock,2026-01-11
INV01233,W016,P0041,472,94,In Stock,2026-08-03
INV01234,W009,P0196,455,123,In Stock,2026-07-27
INV01235,W012,P0089,616,142,In Stock,2026-03-25
INV01236,W011,P0170,624,42,In Stock,2025-10-10
INV01237,W006,P0172,71,23,In Stock,2026-04-16
INV01238,W017,P0110,341,39,In Stock,2025-12-14
INV01239,W019,P0157,3,86,Low Stock,2025-09-22
INV01240,W020,P0105,417,98,In Stock,2025-11-10
INV01241,W012,P0172,327,35,In Stock,2026-07-25
INV01242,W005,P0200,326,111,In Stock,2026-01-22
INV01243,W006,P0119,222,52,In Stock,2026-05-07
INV01244,W017,P0052,345,87,In Stock,2026-04-24
INV01245,W004,P0148,90,72,In Stock,2026-02-23
INV01246,W007,P0052,770,32,In Stock,2026-04-25
INV01247,W012,P0176,218,123,In Stock,2025-09-13
INV01248,W019,P0149,619,50,In Stock,2026-04-16
INV01249,W007,P0083,748,79,In Stock,2026-03-07
INV01250,W017,P0039,318,20,In Stock,2026-02-10
INV01251,W002,P0112,876,103,In Stock,2026-07-13
INV01252,W004,P0166,376,150,In Stock,2026-02-22
INV01253,W013,P0161,13,31,Low Stock,2025-08-09
INV01254,W006,P0167,587,100,In Stock,2026-01-19
INV01255,W009,P0058,804,52,In Stock,2026-01-12
INV01256,W017,P0098,977,28,In Stock,2025-08-05
INV01257,W015,P0021,714,31,In Stock,2026-04-24
INV01258,W012,P0070,744,127,In Stock,2026-05-14
INV01259,W002,P0187,708,51,In Stock,2025-10-30
INV01260,W017,P0050,489,148,In Stock,2026-04-06
INV01261,W002,P0124,21,81,Low Stock,2026-04-25
INV01262,W012,P0200,473,134,In Stock,2025-10-30
INV01263,W011,P0099,550,40,In Stock,2025-09-27
INV01264,W017,P0184,300,46,In Stock,2026-04-27
INV01265,W006,P0195,708,30,In Stock,2025-11-26
INV01266,W018,P0164,809,123,In Stock,2025-09-08
INV01267,W020,P0169,699,68,In Stock,2026-03-06
INV01268,W011,P0159,276,108,In Stock,2025-10-22
INV01269,W009,P0143,409,32,In Stock,2026-07-08
INV01270,W017,P0192,181,88,In Stock,2025-10-08
INV01271,W008,P0079,383,73,In Stock,2026-07-09
INV01272,W005,P0012,226,91,In Stock,2025-09-27
INV01273,W018,P0010,283,53,In Stock,2026-05-31
INV01274,W001,P0130,440,127,In Stock,2025-09-15
INV01275,W020,P0110,97,83,In Stock,2026-04-25
INV01276,W004,P0160,57,37,In Stock,2026-02-21
INV01277,W006,P0194,516,149,In Stock,2026-07-26
INV01278,W015,P0181,401,102,In Stock,2026-04-02
INV01279,W015,P0045,412,124,In Stock,2026-05-27
INV01280,W017,P0002,275,118,In Stock,2025-08-28
INV01281,W009,P0103,174,55,In Stock,2025-08-23
INV01282,W005,P0191,958,133,In Stock,2025-08-06
INV01283,W001,P0172,960,33,In Stock,2026-02-12
INV01284,W008,P0186,920,82,In Stock,2026-05-02
INV01285,W008,P0052,135,45,In Stock,2026-06-29
INV01286,W019,P0043,678,45,In Stock,2026-01-06
INV01287,W006,P0032,981,31,In Stock,2025-08-19
INV01288,W010,P0139,284,128,In Stock,2025-10-08
INV01289,W001,P0100,10,68,Low Stock,2025-09-26
INV01290,W017,P0026,215,20,In Stock,2025-12-30
INV01291,W013,P0122,247,45,In Stock,2026-05-04
INV01292,W015,P0079,329,54,In Stock,2025-10-17
INV01293,W004,P0178,481,42,In Stock,2026-02-02
INV01294,W014,P0128,458,130,In Stock,2025-09-12
INV01295,W001,P0028,166,81,In Stock,2025-09-19
INV01296,W016,P0128,7,60,Low Stock,2026-01-21
INV01297,W007,P0163,820,146,In Stock,2026-04-02
INV01298,W016,P0099,476,115,In Stock,2025-10-20
INV01299,W005,P0086,666,31,In Stock,2026-08-02
INV01300,W008,P0037,738,118,In Stock,2026-03-07
INV01301,W020,P0090,739,29,In Stock,2026-02-10
INV01302,W013,P0146,751,26,In Stock,2026-05-14
INV01303,W006,P0123,296,72,In Stock,2026-03-17
INV01304,W019,P0197,163,74,In Stock,2025-10-24
INV01305,W010,P0040,139,114,In Stock,2026-03-27
INV01306,W018,P0168,273,49,In Stock,2026-07-03
INV01307,W015,P0187,560,104,In Stock,2026-08-05
INV01308,W018,P0166,271,59,In Stock,2026-01-11
INV01309,W013,P0093,806,44,In Stock,2026-07-20
INV01310,W019,P0117,982,46,In Stock,2025-08-12
INV01311,W007,P0140,613,69,In Stock,2026-06-07
INV01312,W007,P0035,314,55,In Stock,2025-09-05
INV01313,W015,P0055,595,96,In Stock,2025-09-20
INV01314,W010,P0117,852,71,In Stock,2026-02-07
INV01315,W008,P0030,890,112,In Stock,2026-07-19
INV01316,W006,P0080,370,121,In Stock,2025-10-11
INV01317,W020,P0005,675,137,In Stock,2026-04-11
INV01318,W009,P0153,594,100,In Stock,2026-03-22
INV01319,W018,P0007,93,83,In Stock,2025-10-03
INV01320,W007,P0184,712,93,In Stock,2026-03-29
INV01321,W014,P0156,7,75,Low Stock,2026-02-07
INV01322,W010,P0120,451,125,In Stock,2025-12-06
INV01323,W007,P0167,31,138,Low Stock,2026-03-06
INV01324,W020,P0159,573,52,In Stock,2025-10-11
INV01325,W010,P0054,867,149,In Stock,2026-01-30
INV01326,W001,P0141,674,30,In Stock,2025-10-12
INV01327,W018,P0037,596,83,In Stock,2025-11-15
INV01328,W017,P0079,638,82,In Stock,2025-12-04
INV01329,W020,P0171,212,142,In Stock,2026-06-03
INV01330,W015,P0024,712,126,In Stock,2025-08-06
INV01331,W002,P0085,45,79,Low Stock,2025-12-30
INV01332,W006,P0024,34,138,Low Stock,2026-08-05
INV01333,W014,P0020,569,116,In Stock,2026-03-13
INV01334,W020,P0086,424,102,In Stock,2025-11-21
INV01335,W016,P0050,109,83,In Stock,2025-12-30
INV01336,W012,P0004,437,114,In Stock,2026-07-23
INV01337,W015,P0116,117,97,In Stock,2026-04-20
INV01338,W013,P0119,904,84,In Stock,2025-08-09
INV01339,W008,P0120,604,78,In Stock,2026-07-02
INV01340,W012,P0175,301,32,In Stock,2026-07-30
INV01341,W016,P0057,583,112,In Stock,2025-09-13
INV01342,W009,P0120,227,23,In Stock,2026-06-26
INV01343,W008,P0165,551,93,In Stock,2026-07-07
INV01344,W002,P0167,851,139,In Stock,2025-10-09
INV01345,W019,P0074,913,55,In Stock,2026-03-05
INV01346,W004,P0120,185,143,In Stock,2025-12-28
INV01347,W008,P0126,213,62,In Stock,2026-01-30
INV01348,W008,P0109,663,136,In Stock,2026-06-16
INV01349,W007,P0059,791,58,In Stock,2026-07-03
INV01350,W013,P0108,740,129,In Stock,2025-08-21
INV01351,W005,P0020,171,56,In Stock,2026-04-26
INV01352,W002,P0119,637,48,In Stock,2026-07-12
INV01353,W006,P0080,681,71,In Stock,2026-05-14
INV01354,W019,P0034,609,62,In Stock,2026-03-20
INV01355,W004,P0052,325,149,In Stock,2025-12-28
INV01356,W020,P0040,541,115,In Stock,2025-10-11
INV01357,W001,P0152,721,59,In Stock,2026-02-03
INV01358,W018,P0135,97,51,In Stock,2026-03-23
INV01359,W010,P0002,617,85,In Stock,2026-05-08
INV01360,W010,P0072,372,101,In Stock,2026-02-24
INV01361,W007,P0066,178,90,In Stock,2026-06-10
INV01362,W020,P0070,968,117,In Stock,2025-11-07
INV01363,W005,P0037,659,33,In Stock,2025-11-28
INV01364,W020,P0200,775,118,In Stock,2026-06-20
INV01365,W003,P0090,535,87,In Stock,2026-05-08
INV01366,W013,P0132,607,137,In Stock,2026-01-06
INV01367,W015,P0036,629,87,In Stock,2026-03-26
INV01368,W002,P0010,306,82,In Stock,2026-01-17
INV01369,W009,P0110,155,113,In Stock,2025-11-26
INV01370,W014,P0136,612,83,In Stock,2025-11-06
INV01371,W002,P0122,825,98,In Stock,2026-05-27
INV01372,W013,P0060,382,22,In Stock,2025-09-29
INV01373,W002,P0052,293,21,In Stock,2026-04-27
INV01374,W001,P0138,185,136,In Stock,2026-05-28
INV01375,W018,P0090,306,61,In Stock,2025-11-24
INV01376,W003,P0114,691,97,In Stock,2025-10-26
INV01377,W015,P0112,215,46,In Stock,2026-03-06
INV01378,W006,P0148,824,118,In Stock,2025-11-08
INV01379,W011,P0024,361,53,In Stock,2026-01-12
INV01380,W005,P0027,819,109,In Stock,2026-03-23
INV01381,W009,P0118,769,129,In Stock,2025-11-01
INV01382,W015,P0136,461,102,In Stock,2026-04-21
INV01383,W007,P0018,997,24,In Stock,2025-08-17
INV01384,W010,P0162,219,69,In Stock,2025-12-31
INV01385,W014,P0108,699,49,In Stock,2026-02-06
INV01386,W003,P0160,500,93,In Stock,2026-05-16
INV01387,W001,P0065,800,139,In Stock,2026-07-12
INV01388,W007,P0054,77,144,Low Stock,2026-04-10
INV01389,W008,P0196,271,63,In Stock,2026-07-01
INV01390,W005,P0081,874,32,In Stock,2025-12-16
INV01391,W012,P0194,35,118,Low Stock,2026-05-14
INV01392,W012,P0191,460,142,In Stock,2025-10-13
INV01393,W008,P0061,776,143,In Stock,2026-02-17
INV01394,W015,P0065,612,127,In Stock,2025-10-24
INV01395,W009,P0125,587,69,In Stock,2025-12-13
INV01396,W012,P0022,780,108,In Stock,2025-08-14
INV01397,W007,P0058,932,111,In Stock,2025-11-05
INV01398,W004,P0010,278,103,In Stock,2026-03-04
INV01399,W009,P0193,136,113,In Stock,2026-06-14
INV01400,W013,P0077,341,118,In Stock,2025-12-31
INV01401,W011,P0147,376,61,In Stock,2026-03-20
INV01402,W007,P0003,131,32,In Stock,2026-04-04
INV01403,W008,P0090,880,96,In Stock,2026-01-07
INV01404,W013,P0155,144,134,In Stock,2025-10-06
INV01405,W013,P0097,861,51,In Stock,2025-08-19
INV01406,W015,P0001,140,73,In Stock,2025-11-05
INV01407,W002,P0151,22,89,Low Stock,2026-01-26
INV01408,W007,P0059,990,136,In Stock,2025-08-25
INV01409,W017,P0110,536,96,In Stock,2026-03-13
INV01410,W010,P0099,185,58,In Stock,2025-11-16
INV01411,W001,P0008,219,54,In Stock,2026-05-29
INV01412,W019,P0146,414,60,In Stock,2025-09-25
INV01413,W015,P0068,63,138,Low Stock,2025-12-11
INV01414,W013,P0019,319,134,In Stock,2026-01-26
INV01415,W014,P0164,763,105,In Stock,2025-08-18
INV01416,W014,P0055,731,89,In Stock,2026-01-31
INV01417,W008,P0157,467,71,In Stock,2026-02-04
INV01418,W004,P0156,210,78,In Stock,2026-07-21
INV01419,W014,P0022,215,65,In Stock,2026-02-01
INV01420,W007,P0025,997,115,In Stock,2026-04-11
INV01421,W007,P0094,809,86,In Stock,2026-04-19
INV01422,W015,P0169,253,97,In Stock,2026-06-04
INV01423,W017,P0187,136,80,In Stock,2025-12-18
INV01424,W002,P0054,811,149,In Stock,2025-12-15
INV01425,W003,P0005,623,51,In Stock,2025-08-16
INV01426,W014,P0156,199,43,In Stock,2025-09-04
INV01427,W018,P0128,830,72,In Stock,2025-12-12
INV01428,W010,P0067,265,133,In Stock,2026-06-19
INV01429,W006,P0100,749,146,In Stock,2026-05-17
INV01430,W002,P0002,109,103,In Stock,2025-09-28
INV01431,W011,P0073,181,106,In Stock,2025-09-27
INV01432,W018,P0117,833,61,In Stock,2026-04-05
INV01433,W018,P0078,307,54,In Stock,2025-10-29
INV01434,W004,P0076,736,137,In Stock,2026-04-22
INV01435,W003,P0060,211,57,In Stock,2026-04-27
INV01436,W019,P0155,373,132,In Stock,2026-02-20
INV01437,W002,P0157,296,52,In Stock,2025-08-08
INV01438,W013,P0150,650,134,In Stock,2026-04-14
INV01439,W002,P0128,377,89,In Stock,2026-06-20
INV01440,W017,P0017,386,110,In Stock,2025-10-21
INV01441,W018,P0100,788,127,In Stock,2025-08-17
INV01442,W019,P0039,424,98,In Stock,2026-04-13
INV01443,W013,P0095,866,101,In Stock,2026-05-29
INV01444,W009,P0081,131,50,In Stock,2026-03-11
INV01445,W001,P0182,115,50,In Stock,2026-03-10
INV01446,W007,P0138,611,39,In Stock,2026-06-26
INV01447,W010,P0154,138,67,In Stock,2026-07-04
INV01448,W017,P0124,424,122,In Stock,2026-01-30
INV01449,W009,P0187,187,54,In Stock,2025-11-09
INV01450,W017,P0156,881,106,In Stock,2026-06-14
INV01451,W017,P0067,725,95,In Stock,2026-04-01
INV01452,W014,P0112,186,112,In Stock,2026-01-12
INV01453,W018,P0163,324,58,In Stock,2026-07-05
INV01454,W014,P0134,904,134,In Stock,2026-03-31
INV01455,W013,P0159,533,51,In Stock,2025-09-23
INV01456,W001,P0089,533,105,In Stock,2026-05-21
INV01457,W013,P0051,572,140,In Stock,2026-01-10
INV01458,W004,P0022,976,76,In Stock,2025-08-31
INV01459,W018,P0058,674,85,In Stock,2026-04-17
INV01460,W003,P0081,113,149,Low Stock,2026-02-15
INV01461,W018,P0188,709,148,In Stock,2026-06-13
INV01462,W009,P0185,97,114,Low Stock,2026-07-17
INV01463,W005,P0089,176,142,In Stock,2025-11-20
INV01464,W003,P0055,509,51,In Stock,2026-03-09
INV01465,W003,P0041,400,74,In Stock,2026-03-22
INV01466,W019,P0008,158,49,In Stock,2025-10-25
INV01467,W012,P0172,659,90,In Stock,2026-01-28
INV01468,W010,P0051,929,65,In Stock,2026-02-28
INV01469,W020,P0046,344,24,In Stock,2026-03-01
INV01470,W012,P0039,619,99,In Stock,2025-11-30
INV01471,W017,P0090,290,83,In Stock,2026-05-28
INV01472,W004,P0040,793,81,In Stock,2026-02-10
INV01473,W002,P0129,282,131,In Stock,2026-02-04
INV01474,W018,P0150,156,135,In Stock,2026-02-05
INV01475,W008,P0093,929,149,In Stock,2026-03-08
INV01476,W018,P0005,699,31,In Stock,2025-08-26
INV01477,W014,P0188,389,86,In Stock,2026-03-21
INV01478,W002,P0086,41,121,Low Stock,2025-10-21
INV01479,W013,P0118,753,76,In Stock,2026-05-27
INV01480,W018,P0145,26,38,Low Stock,2025-12-02
INV01481,W013,P0021,794,134,In Stock,2026-02-05
INV01482,W015,P0151,912,44,In Stock,2026-03-29
INV01483,W012,P0016,560,25,In Stock,2025-11-16
INV01484,W009,P0109,508,69,In Stock,2026-04-17
INV01485,W007,P0028,382,20,In Stock,2025-10-16
INV01486,W008,P0053,891,77,In Stock,2025-08-14
INV01487,W011,P0089,350,76,In Stock,2026-05-02
INV01488,W019,P0019,919,96,In Stock,2026-07-16
INV01489,W003,P0184,92,124,Low Stock,2026-04-25
INV01490,W020,P0156,636,34,In Stock,2026-05-22
INV01491,W003,P0093,297,64,In Stock,2025-10-24
INV01492,W005,P0145,552,111,In Stock,2026-05-05
INV01493,W017,P0036,915,74,In Stock,2025-09-22
INV01494,W004,P0158,944,141,In Stock,2025-08-22
INV01495,W007,P0196,730,92,In Stock,2026-03-31
INV01496,W020,P0165,802,34,In Stock,2026-05-07
INV01497,W018,P0055,938,128,In Stock,2026-03-10
INV01498,W016,P0078,321,58,In Stock,2025-08-13
INV01499,W003,P0150,185,123,In Stock,2026-02-01
INV01500,W015,P0178,294,88,In Stock,2026-02-14
INV01501,W005,P0144,579,58,In Stock,2025-09-14
INV01502,W002,P0181,876,129,In Stock,2025-10-25
INV01503,W007,P0021,538,59,In Stock,2026-06-19
INV01504,W008,P0011,834,107,In Stock,2026-06-13
INV01505,W017,P0151,187,83,In Stock,2026-06-08
INV01506,W011,P0125,186,99,In Stock,2026-01-08
INV01507,W009,P0032,73,45,In Stock,2026-06-30
INV01508,W001,P0162,641,46,In Stock,2025-11-24
INV01509,W001,P0088,523,137,In Stock,2026-06-14
INV01510,W014,P0198,230,140,In Stock,2026-07-18
INV01511,W001,P0062,311,123,In Stock,2026-07-21
INV01512,W004,P0170,963,65,In Stock,2026-03-07
INV01513,W009,P0179,133,123,In Stock,2026-02-14
INV01514,W007,P0062,28,106,Low Stock,2025-09-18
INV01515,W012,P0168,645,113,In Stock,2026-02-03
INV01516,W020,P0017,539,101,In Stock,2025-12-26
INV01517,W003,P0078,806,94,In Stock,2025-08-09
INV01518,W017,P0157,616,115,In Stock,2026-03-23
INV01519,W019,P0023,322,109,In Stock,2026-03-30
INV01520,W001,P0023,282,80,In Stock,2025-08-30
INV01521,W013,P0048,192,91,In Stock,2026-01-10
INV01522,W014,P0060,459,38,In Stock,2026-03-30
INV01523,W020,P0170,455,101,In Stock,2025-12-20
INV01524,W005,P0022,874,116,In Stock,2026-04-28
INV01525,W009,P0033,63,22,In Stock,2026-07-02
INV01526,W001,P0195,79,30,In Stock,2026-07-03
INV01527,W003,P0026,817,124,In Stock,2026-03-25
INV01528,W007,P0138,620,130,In Stock,2025-09-09
INV01529,W012,P0076,988,45,In Stock,2025-10-16
INV01530,W016,P0185,192,40,In Stock,2026-06-20
INV01531,W007,P0033,992,113,In Stock,2026-03-18
INV01532,W019,P0008,517,67,In Stock,2026-05-04
INV01533,W003,P0189,544,142,In Stock,2026-06-11
INV01534,W013,P0043,975,47,In Stock,2026-06-14
INV01535,W007,P0183,697,63,In Stock,2026-04-21
INV01536,W007,P0012,39,147,Low Stock,2026-01-12
INV01537,W013,P0151,14,144,Low Stock,2026-05-14
INV01538,W013,P0127,713,41,In Stock,2025-09-29
INV01539,W011,P0165,565,85,In Stock,2025-09-28
INV01540,W016,P0060,866,123,In Stock,2025-10-22
INV01541,W018,P0168,904,98,In Stock,2026-02-22
INV01542,W009,P0049,435,79,In Stock,2026-01-05
INV01543,W002,P0150,9,71,Low Stock,2026-07-28
INV01544,W008,P0102,255,32,In Stock,2025-10-06
INV01545,W005,P0006,478,77,In Stock,2025-11-16
INV01546,W005,P0140,872,138,In Stock,2025-12-11
INV01547,W004,P0185,232,82,In Stock,2026-05-07
INV01548,W010,P0195,333,63,In Stock,2026-02-05
INV01549,W020,P0007,726,42,In Stock,2026-03-16
INV01550,W017,P0018,176,70,In Stock,2025-11-13
INV01551,W012,P0181,519,77,In Stock,2025-09-06
INV01552,W013,P0056,735,29,In Stock,2025-10-04
INV01553,W012,P0174,976,98,In Stock,2025-12-29
INV01554,W017,P0186,728,130,In Stock,2025-10-24
INV01555,W020,P0105,502,123,In Stock,2026-06-30
INV01556,W014,P0177,63,80,Low Stock,2026-06-21
INV01557,W004,P0089,26,69,Low Stock,2026-05-14
INV01558,W002,P0030,266,122,In Stock,2025-09-04
INV01559,W001,P0006,43,119,Low Stock,2026-03-01
INV01560,W007,P0070,165,140,In Stock,2026-07-13
INV01561,W002,P0160,572,41,In Stock,2026-01-28
INV01562,W001,P0013,395,133,In Stock,2026-03-05
INV01563,W001,P0197,404,27,In Stock,2026-05-30
INV01564,W005,P0027,106,23,In Stock,2026-02-26
INV01565,W002,P0107,341,140,In Stock,2026-01-28
INV01566,W002,P0075,683,111,In Stock,2025-08-15
INV01567,W003,P0017,670,88,In Stock,2026-01-01
INV01568,W006,P0029,190,86,In Stock,2025-08-26
INV01569,W002,P0153,353,55,In Stock,2026-02-13
INV01570,W002,P0191,279,113,In Stock,2026-04-14
INV01571,W017,P0048,544,134,In Stock,2025-10-07
INV01572,W004,P0103,575,49,In Stock,2025-12-13
INV01573,W009,P0115,170,116,In Stock,2025-12-19
INV01574,W019,P0021,323,30,In Stock,2026-06-08
INV01575,W002,P0181,921,83,In Stock,2025-11-24
INV01576,W002,P0017,2,38,Low Stock,2025-10-19
INV01577,W003,P0144,684,103,In Stock,2026-01-06
INV01578,W004,P0112,683,147,In Stock,2026-04-19
INV01579,W009,P0134,373,82,In Stock,2025-12-24
INV01580,W010,P0076,418,89,In Stock,2025-10-09
INV01581,W017,P0035,18,112,Low Stock,2026-02-23
INV01582,W010,P0125,637,114,In Stock,2026-04-05
INV01583,W007,P0103,428,76,In Stock,2026-01-12
INV01584,W003,P0189,321,66,In Stock,2025-11-29
INV01585,W002,P0126,389,91,In Stock,2026-07-07
INV01586,W011,P0045,518,62,In Stock,2025-08-11
INV01587,W007,P0064,563,101,In Stock,2026-06-03
INV01588,W015,P0148,794,31,In Stock,2026-03-26
INV01589,W016,P0031,478,33,In Stock,2025-08-11
INV01590,W009,P0099,171,20,In Stock,2025-11-09
INV01591,W009,P0085,948,109,In Stock,2025-08-14
INV01592,W013,P0184,847,58,In Stock,2026-06-18
INV01593,W011,P0095,834,97,In Stock,2026-01-07
INV01594,W002,P0132,541,21,In Stock,2026-04-22
INV01595,W001,P0190,46,30,In Stock,2025-11-15
INV01596,W016,P0152,349,88,In Stock,2025-11-13
INV01597,W013,P0128,58,44,In Stock,2026-06-02
INV01598,W004,P0032,137,24,In Stock,2025-08-12
INV01599,W003,P0144,644,39,In Stock,2026-02-26
INV01600,W017,P0079,296,27,In Stock,2026-04-11
INV01601,W003,P0082,872,69,In Stock,2026-01-23
INV01602,W008,P0136,366,44,In Stock,2025-10-03
INV01603,W018,P0130,999,80,In Stock,2025-10-08
INV01604,W020,P0017,446,95,In Stock,2026-02-05
INV01605,W006,P0119,585,20,In Stock,2026-02-23
INV01606,W012,P0069,793,34,In Stock,2026-04-13
INV01607,W018,P0173,100,63,In Stock,2025-09-29
INV01608,W008,P0001,4,106,Low Stock,2025-09-03
INV01609,W015,P0082,640,75,In Stock,2026-06-19
INV01610,W010,P0073,693,52,In Stock,2025-08-26
INV01611,W005,P0040,253,133,In Stock,2026-05-08
INV01612,W013,P0096,479,53,In Stock,2026-03-02
INV01613,W012,P0028,487,147,In Stock,2025-12-17
INV01614,W002,P0182,98,34,In Stock,2025-12-11
INV01615,W013,P0024,316,95,In Stock,2025-11-01
INV01616,W009,P0093,682,55,In Stock,2026-02-16
INV01617,W014,P0130,788,83,In Stock,2025-10-29
INV01618,W020,P0135,242,22,In Stock,2025-10-01
INV01619,W005,P0111,618,29,In Stock,2025-10-09
INV01620,W019,P0182,895,148,In Stock,2026-04-20
INV01621,W020,P0120,738,55,In Stock,2025-08-20
INV01622,W005,P0050,477,146,In Stock,2026-01-03
INV01623,W010,P0197,707,36,In Stock,2026-03-13
INV01624,W003,P0138,935,126,In Stock,2025-12-07
INV01625,W007,P0065,573,113,In Stock,2025-10-18
INV01626,W016,P0141,354,118,In Stock,2026-05-28
INV01627,W019,P0022,328,52,In Stock,2025-08-28
INV01628,W013,P0148,304,109,In Stock,2025-10-31
INV01629,W005,P0083,695,68,In Stock,2026-05-12
INV01630,W016,P0008,644,117,In Stock,2026-04-12
INV01631,W015,P0175,898,21,In Stock,2026-04-06
INV01632,W002,P0030,390,34,In Stock,2025-09-17
INV01633,W018,P0188,725,20,In Stock,2026-04-11
INV01634,W009,P0024,295,68,In Stock,2025-08-17
INV01635,W019,P0149,183,113,In Stock,2025-08-05
INV01636,W001,P0003,48,54,Low Stock,2025-08-30
INV01637,W003,P0138,113,134,Low Stock,2026-03-19
INV01638,W012,P0189,678,87,In Stock,2026-02-03
INV01639,W001,P0036,494,88,In Stock,2026-05-27
INV01640,W007,P0192,825,134,In Stock,2025-10-17
INV01641,W011,P0146,712,114,In Stock,2025-08-13
INV01642,W015,P0150,534,63,In Stock,2026-04-01
INV01643,W020,P0151,827,87,In Stock,2025-09-08
INV01644,W016,P0095,46,107,Low Stock,2025-08-22
INV01645,W001,P0063,382,41,In Stock,2025-09-25
INV01646,W009,P0078,646,80,In Stock,2026-02-15
INV01647,W012,P0044,272,116,In Stock,2025-08-09
INV01648,W001,P0030,908,108,In Stock,2026-06-05
INV01649,W017,P0082,778,131,In Stock,2025-12-31
INV01650,W006,P0150,359,60,In Stock,2025-08-19
INV01651,W007,P0179,589,109,In Stock,2026-05-06
INV01652,W010,P0135,709,144,In Stock,2026-03-06
INV01653,W018,P0144,803,109,In Stock,2026-05-30
INV01654,W016,P0045,961,111,In Stock,2025-09-26
INV01655,W010,P0024,233,115,In Stock,2026-06-01
INV01656,W002,P0137,434,115,In Stock,2026-02-11
INV01657,W013,P0023,826,97,In Stock,2026-05-23
INV01658,W014,P0020,128,102,In Stock,2026-07-17
INV01659,W007,P0179,665,80,In Stock,2026-03-26
INV01660,W005,P0119,181,25,In Stock,2026-03-03
INV01661,W004,P0145,29,114,Low Stock,2026-04-16
INV01662,W002,P0094,220,23,In Stock,2026-04-16
INV01663,W001,P0176,906,80,In Stock,2026-07-22
INV01664,W015,P0044,619,26,In Stock,2025-09-17
INV01665,W020,P0051,663,55,In Stock,2026-05-14
INV01666,W011,P0004,93,38,In Stock,2026-02-07
INV01667,W005,P0153,665,74,In Stock,2026-04-22
INV01668,W002,P0197,919,134,In Stock,2026-04-08
INV01669,W010,P0093,444,20,In Stock,2026-02-15
INV01670,W001,P0098,738,75,In Stock,2026-06-08
INV01671,W019,P0171,645,149,In Stock,2025-08-17
INV01672,W015,P0153,6,48,Low Stock,2025-09-02
INV01673,W001,P0082,376,130,In Stock,2026-04-26
INV01674,W012,P0164,499,98,In Stock,2026-01-12
INV01675,W018,P0077,970,41,In Stock,2025-10-29
INV01676,W002,P0008,506,125,In Stock,2025-11-06
INV01677,W017,P0119,463,150,In Stock,2026-04-28
INV01678,W018,P0095,694,78,In Stock,2025-11-24
INV01679,W005,P0196,872,20,In Stock,2026-04-01
INV01680,W001,P0077,601,62,In Stock,2026-05-12
INV01681,W017,P0117,689,41,In Stock,2026-03-22
INV01682,W015,P0127,780,65,In Stock,2026-06-25
INV01683,W020,P0152,467,44,In Stock,2026-07-10
INV01684,W007,P0158,338,79,In Stock,2026-03-09
INV01685,W007,P0010,597,94,In Stock,2025-10-28
INV01686,W008,P0078,78,24,In Stock,2025-08-12
INV01687,W011,P0026,678,101,In Stock,2025-09-22
INV01688,W005,P0018,260,25,In Stock,2025-11-20
INV01689,W007,P0153,31,77,Low Stock,2025-11-29
INV01690,W018,P0002,207,73,In Stock,2025-09-22
INV01691,W008,P0018,989,21,In Stock,2026-04-12
INV01692,W015,P0164,878,77,In Stock,2025-11-24
INV01693,W014,P0021,614,126,In Stock,2025-10-11
INV01694,W003,P0006,398,81,In Stock,2026-01-20
INV01695,W010,P0171,1000,112,In Stock,2025-12-01
INV01696,W008,P0074,933,28,In Stock,2026-05-07
INV01697,W002,P0082,61,137,Low Stock,2025-08-06
INV01698,W018,P0095,681,31,In Stock,2026-01-19
INV01699,W009,P0130,362,124,In Stock,2025-08-06
INV01700,W011,P0099,628,29,In Stock,2026-04-19
INV01701,W018,P0071,178,34,In Stock,2025-10-13
INV01702,W013,P0191,647,101,In Stock,2025-10-02
INV01703,W020,P0116,933,88,In Stock,2026-03-07
INV01704,W013,P0140,66,69,Low Stock,2026-07-20
INV01705,W016,P0165,509,67,In Stock,2026-01-23
INV01706,W016,P0179,158,135,In Stock,2026-07-23
INV01707,W019,P0008,169,146,In Stock,2025-10-29
INV01708,W015,P0178,785,32,In Stock,2026-04-03
INV01709,W001,P0114,426,62,In Stock,2025-08-12
INV01710,W010,P0186,785,57,In Stock,2025-10-20
INV01711,W012,P0032,134,138,Low Stock,2025-09-19
INV01712,W014,P0118,280,143,In Stock,2025-10-27
INV01713,W010,P0016,305,96,In Stock,2026-03-07
INV01714,W016,P0097,658,58,In Stock,2026-06-06
INV01715,W005,P0171,97,23,In Stock,2025-11-27
INV01716,W003,P0078,393,133,In Stock,2026-05-29
INV01717,W020,P0177,814,33,In Stock,2025-11-22
INV01718,W017,P0040,556,74,In Stock,2026-01-30
INV01719,W010,P0059,896,76,In Stock,2026-08-01
INV01720,W009,P0123,419,58,In Stock,2026-06-18
INV01721,W009,P0003,903,22,In Stock,2026-04-30
INV01722,W014,P0066,613,100,In Stock,2026-02-20
INV01723,W014,P0116,467,121,In Stock,2026-07-29
INV01724,W004,P0072,876,141,In Stock,2026-07-01
INV01725,W005,P0169,746,150,In Stock,2026-01-15
INV01726,W011,P0102,596,35,In Stock,2025-11-04
INV01727,W008,P0167,897,46,In Stock,2025-12-09
INV01728,W010,P0102,279,47,In Stock,2025-11-29
INV01729,W019,P0013,769,38,In Stock,2026-04-07
INV01730,W019,P0071,941,47,In Stock,2026-03-25
INV01731,W016,P0049,127,86,In Stock,2025-11-28
INV01732,W019,P0123,45,117,Low Stock,2026-01-24
INV01733,W002,P0033,900,42,In Stock,2025-08-17
INV01734,W020,P0163,599,98,In Stock,2026-02-22
INV01735,W014,P0096,203,91,In Stock,2025-10-08
INV01736,W016,P0035,623,107,In Stock,2026-01-25
INV01737,W016,P0176,998,83,In Stock,2025-11-11
INV01738,W017,P0065,786,54,In Stock,2025-09-15
INV01739,W001,P0152,882,142,In Stock,2026-03-06
INV01740,W004,P0101,611,45,In Stock,2025-10-08
INV01741,W014,P0132,68,70,Low Stock,2025-08-17
INV01742,W003,P0036,837,102,In Stock,2025-12-04
INV01743,W010,P0125,728,25,In Stock,2025-11-26
INV01744,W015,P0196,463,51,In Stock,2026-05-17
INV01745,W005,P0070,829,30,In Stock,2025-11-09
INV01746,W005,P0006,381,69,In Stock,2026-01-13
INV01747,W014,P0029,605,52,In Stock,2025-08-27
INV01748,W019,P0136,572,74,In Stock,2026-02-11
INV01749,W020,P0070,514,129,In Stock,2026-07-27
INV01750,W015,P0139,57,150,Low Stock,2026-05-21
INV01751,W005,P0026,458,130,In Stock,2026-02-17
INV01752,W013,P0165,698,128,In Stock,2026-04-30
INV01753,W012,P0001,473,109,In Stock,2026-04-02
INV01754,W004,P0131,430,136,In Stock,2026-02-17
INV01755,W015,P0174,653,100,In Stock,2026-05-27
INV01756,W014,P0105,181,131,In Stock,2026-01-22
INV01757,W017,P0045,932,85,In Stock,2026-04-12
INV01758,W015,P0182,439,93,In Stock,2026-06-20
INV01759,W010,P0035,399,137,In Stock,2026-01-25
INV01760,W003,P0059,507,30,In Stock,2025-12-12
INV01761,W016,P0040,497,83,In Stock,2025-09-04
INV01762,W012,P0122,533,115,In Stock,2026-05-30
INV01763,W019,P0190,843,117,In Stock,2025-10-24
INV01764,W009,P0177,673,144,In Stock,2025-11-29
INV01765,W018,P0061,70,40,In Stock,2026-06-30
INV01766,W002,P0177,510,129,In Stock,2025-09-18
INV01767,W010,P0058,194,111,In Stock,2026-07-05
INV01768,W017,P0055,868,39,In Stock,2026-03-28
INV01769,W011,P0162,146,116,In Stock,2025-11-16
INV01770,W004,P0190,459,34,In Stock,2026-03-01
INV01771,W014,P0174,880,53,In Stock,2025-12-22
INV01772,W015,P0123,706,135,In Stock,2025-10-11
INV01773,W016,P0032,116,80,In Stock,2026-01-31
INV01774,W019,P0176,280,24,In Stock,2026-01-18
INV01775,W010,P0051,256,146,In Stock,2026-08-02
INV01776,W002,P0191,940,101,In Stock,2026-05-11
INV01777,W011,P0126,115,22,In Stock,2025-10-09
INV01778,W009,P0082,119,116,In Stock,2026-04-16
INV01779,W015,P0027,164,26,In Stock,2025-09-10
INV01780,W017,P0103,814,74,In Stock,2026-06-06
INV01781,W003,P0021,157,59,In Stock,2026-08-01
INV01782,W010,P0186,989,99,In Stock,2026-04-28
INV01783,W016,P0115,239,24,In Stock,2026-01-07
INV01784,W012,P0105,226,78,In Stock,2025-09-09
INV01785,W009,P0015,955,81,In Stock,2026-03-28
INV01786,W016,P0189,607,52,In Stock,2026-02-05
INV01787,W015,P0076,765,60,In Stock,2026-06-12
INV01788,W002,P0157,848,85,In Stock,2025-08-10
INV01789,W001,P0150,645,127,In Stock,2026-02-20
INV01790,W020,P0122,212,123,In Stock,2025-12-15
INV01791,W004,P0119,263,113,In Stock,2025-11-23
INV01792,W016,P0147,702,52,In Stock,2026-08-03
INV01793,W019,P0101,463,143,In Stock,2025-09-04
INV01794,W013,P0025,134,70,In Stock,2026-04-28
INV01795,W019,P0097,257,102,In Stock,2026-06-18
INV01796,W014,P0160,9,57,Low Stock,2026-03-21
INV01797,W015,P0082,348,149,In Stock,2026-05-07
INV01798,W010,P0171,722,129,In Stock,2026-07-28
INV01799,W011,P0076,909,90,In Stock,2025-09-12
INV01800,W020,P0116,901,28,In Stock,2026-01-15
INV01801,W008,P0060,908,150,In Stock,2025-10-18
INV01802,W013,P0189,522,20,In Stock,2026-06-24
INV01803,W001,P0080,197,40,In Stock,2026-03-25
INV01804,W009,P0099,834,127,In Stock,2025-10-07
INV01805,W018,P0145,906,109,In Stock,2025-12-10
INV01806,W018,P0120,947,99,In Stock,2026-03-14
INV01807,W016,P0077,371,99,In Stock,2026-04-11
INV01808,W019,P0056,257,143,In Stock,2025-08-29
INV01809,W001,P0138,959,118,In Stock,2026-01-10
INV01810,W015,P0003,795,24,In Stock,2026-01-03
INV01811,W013,P0011,195,35,In Stock,2025-08-24
INV01812,W008,P0143,833,119,In Stock,2025-09-01
INV01813,W014,P0011,448,136,In Stock,2025-09-03
INV01814,W002,P0015,616,137,In Stock,2026-04-09
INV01815,W010,P0193,22,36,Low Stock,2025-08-31
INV01816,W018,P0062,914,84,In Stock,2025-09-04
INV01817,W010,P0088,407,114,In Stock,2025-10-05
INV01818,W019,P0152,844,51,In Stock,2026-01-03
INV01819,W015,P0190,632,100,In Stock,2026-07-19
INV01820,W002,P0043,666,46,In Stock,2025-08-28
INV01821,W008,P0058,154,101,In Stock,2025-09-22
INV01822,W018,P0162,773,22,In Stock,2025-11-28
INV01823,W010,P0150,258,26,In Stock,2025-08-16
INV01824,W001,P0169,269,114,In Stock,2026-06-02
INV01825,W004,P0148,201,31,In Stock,2026-02-27
INV01826,W004,P0193,381,145,In Stock,2026-06-27
INV01827,W006,P0044,315,97,In Stock,2025-08-31
INV01828,W017,P0172,47,39,In Stock,2025-12-11
INV01829,W006,P0157,698,33,In Stock,2026-05-02
INV01830,W001,P0012,870,53,In Stock,2026-05-30
INV01831,W016,P0108,538,109,In Stock,2026-01-14
INV01832,W014,P0098,524,113,In Stock,2026-05-14
INV01833,W003,P0089,592,41,In Stock,2025-12-27
INV01834,W014,P0003,219,120,In Stock,2026-05-09
INV01835,W012,P0060,598,51,In Stock,2026-06-26
INV01836,W002,P0106,54,35,In Stock,2026-06-06
INV01837,W004,P0171,279,102,In Stock,2026-06-28
INV01838,W020,P0029,867,107,In Stock,2026-03-03
INV01839,W002,P0164,413,79,In Stock,2026-01-10
INV01840,W004,P0019,329,111,In Stock,2026-06-10
INV01841,W008,P0116,844,113,In Stock,2026-07-23
INV01842,W007,P0054,156,142,In Stock,2026-06-15
INV01843,W003,P0075,767,142,In Stock,2025-12-26
INV01844,W019,P0074,193,115,In Stock,2026-07-24
INV01845,W004,P0127,174,75,In Stock,2026-08-05
INV01846,W017,P0077,959,25,In Stock,2026-07-26
INV01847,W002,P0191,39,137,Low Stock,2026-03-29
INV01848,W010,P0134,273,30,In Stock,2025-09-08
INV01849,W005,P0144,721,144,In Stock,2026-06-09
INV01850,W010,P0159,303,90,In Stock,2026-02-22
INV01851,W012,P0180,652,87,In Stock,2025-12-07
INV01852,W007,P0014,851,24,In Stock,2025-12-06
INV01853,W001,P0172,372,27,In Stock,2025-10-06
INV01854,W012,P0070,896,55,In Stock,2025-12-31
INV01855,W006,P0031,634,102,In Stock,2026-06-28
INV01856,W002,P0136,625,28,In Stock,2026-01-10
INV01857,W008,P0042,148,61,In Stock,2026-07-03
INV01858,W015,P0010,534,91,In Stock,2026-04-22
INV01859,W012,P0003,188,139,In Stock,2026-03-23
INV01860,W015,P0123,935,131,In Stock,2026-04-02
INV01861,W007,P0048,671,121,In Stock,2026-01-12
INV01862,W007,P0037,974,48,In Stock,2026-07-02
INV01863,W018,P0042,466,67,In Stock,2025-12-03
INV01864,W003,P0027,817,141,In Stock,2026-05-21
INV01865,W005,P0159,98,141,Low Stock,2025-09-14
INV01866,W003,P0048,568,140,In Stock,2026-05-20
INV01867,W003,P0019,447,43,In Stock,2026-03-29
INV01868,W008,P0066,849,52,In Stock,2025-09-07
INV01869,W015,P0114,318,97,In Stock,2026-05-25
INV01870,W001,P0079,614,50,In Stock,2025-12-23
INV01871,W015,P0073,289,33,In Stock,2026-01-10
INV01872,W004,P0049,794,82,In Stock,2025-12-18
INV01873,W015,P0084,889,78,In Stock,2026-01-26
INV01874,W017,P0064,755,122,In Stock,2026-06-07
INV01875,W001,P0058,111,96,In Stock,2025-11-24
INV01876,W004,P0086,355,89,In Stock,2026-01-11
INV01877,W014,P0037,274,108,In Stock,2025-11-04
INV01878,W012,P0136,617,114,In Stock,2025-08-25
INV01879,W016,P0137,729,103,In Stock,2025-08-12
INV01880,W004,P0146,166,101,In Stock,2026-01-03
INV01881,W006,P0148,149,132,In Stock,2025-10-19
INV01882,W008,P0111,862,26,In Stock,2026-06-14
INV01883,W019,P0173,995,141,In Stock,2026-01-10
INV01884,W017,P0133,242,131,In Stock,2026-07-01
INV01885,W014,P0062,701,23,In Stock,2026-07-30
INV01886,W013,P0182,106,45,In Stock,2026-04-10
INV01887,W006,P0158,586,37,In Stock,2025-12-04
INV01888,W017,P0049,463,80,In Stock,2026-05-28
INV01889,W019,P0180,537,133,In Stock,2025-09-12
INV01890,W015,P0125,33,55,Low Stock,2025-11-12
INV01891,W005,P0164,781,66,In Stock,2026-06-20
INV01892,W013,P0077,406,128,In Stock,2026-01-03
INV01893,W006,P0101,792,137,In Stock,2025-10-26
INV01894,W014,P0156,784,32,In Stock,2025-11-05
INV01895,W016,P0031,589,20,In Stock,2026-02-28
INV01896,W010,P0099,414,133,In Stock,2026-04-22
INV01897,W001,P0098,599,68,In Stock,2025-12-26
INV01898,W017,P0163,905,39,In Stock,2025-11-19
INV01899,W012,P0153,591,141,In Stock,2026-04-06
INV01900,W010,P0194,174,90,In Stock,2025-10-19
INV01901,W010,P0198,964,58,In Stock,2026-03-01
INV01902,W015,P0071,127,93,In Stock,2025-11-22
INV01903,W013,P0095,278,144,In Stock,2025-11-12
INV01904,W004,P0057,790,110,In Stock,2025-11-26
INV01905,W012,P0068,453,136,In Stock,2026-06-08
INV01906,W016,P0001,574,38,In Stock,2025-09-05
INV01907,W017,P0128,218,75,In Stock,2025-10-29
INV01908,W016,P0108,927,33,In Stock,2026-04-19
INV01909,W014,P0056,485,99,In Stock,2026-01-18
INV01910,W016,P0025,350,113,In Stock,2025-08-27
INV01911,W010,P0035,492,96,In Stock,2026-04-05
INV01912,W008,P0144,654,41,In Stock,2026-05-27
INV01913,W012,P0197,573,95,In Stock,2025-10-19
INV01914,W001,P0185,848,98,In Stock,2026-05-29
INV01915,W020,P0113,155,89,In Stock,2025-10-04
INV01916,W017,P0085,747,88,In Stock,2025-10-25
INV01917,W019,P0043,72,53,In Stock,2026-03-19
INV01918,W007,P0132,131,62,In Stock,2025-09-08
INV01919,W013,P0098,895,38,In Stock,2026-01-27
INV01920,W004,P0020,192,122,In Stock,2026-01-21
INV01921,W014,P0039,622,93,In Stock,2026-01-07
INV01922,W020,P0188,104,39,In Stock,2025-08-16
INV01923,W010,P0133,690,96,In Stock,2026-01-13
INV01924,W006,P0121,282,62,In Stock,2025-08-09
INV01925,W015,P0145,646,120,In Stock,2025-08-09
INV01926,W003,P0015,69,42,In Stock,2026-02-25
INV01927,W004,P0163,645,95,In Stock,2026-06-04
INV01928,W003,P0033,812,122,In Stock,2026-07-22
INV01929,W002,P0009,648,74,In Stock,2026-05-03
INV01930,W015,P0134,929,42,In Stock,2026-06-15
INV01931,W007,P0113,798,74,In Stock,2026-03-24
INV01932,W020,P0146,442,50,In Stock,2025-08-28
INV01933,W007,P0020,691,90,In Stock,2026-06-07
INV01934,W018,P0054,623,38,In Stock,2025-10-08
INV01935,W019,P0160,169,29,In Stock,2026-01-10
INV01936,W018,P0038,297,20,In Stock,2025-08-16
INV01937,W012,P0195,243,25,In Stock,2025-09-27
INV01938,W008,P0009,698,57,In Stock,2025-08-05
INV01939,W020,P0191,63,66,Low Stock,2025-09-18
INV01940,W017,P0054,812,113,In Stock,2025-12-25
INV01941,W017,P0044,806,56,In Stock,2025-08-29
INV01942,W019,P0008,607,78,In Stock,2025-11-08
INV01943,W010,P0139,352,122,In Stock,2025-10-13
INV01944,W016,P0018,977,69,In Stock,2026-07-14
INV01945,W001,P0137,119,32,In Stock,2026-01-09
INV01946,W015,P0106,120,125,Low Stock,2026-03-09
INV01947,W002,P0065,43,140,Low Stock,2025-11-10
INV01948,W011,P0051,598,48,In Stock,2026-03-25
INV01949,W003,P0092,64,132,Low Stock,2025-10-23
INV01950,W017,P0150,170,50,In Stock,2026-01-27
INV01951,W010,P0110,416,127,In Stock,2025-09-14
INV01952,W018,P0106,444,58,In Stock,2026-01-14
INV01953,W015,P0169,977,23,In Stock,2025-09-07
INV01954,W007,P0194,445,31,In Stock,2025-11-21
INV01955,W014,P0076,35,49,Low Stock,2025-08-29
INV01956,W002,P0111,701,119,In Stock,2026-05-15
INV01957,W001,P0190,226,62,In Stock,2026-05-02
INV01958,W001,P0014,621,75,In Stock,2026-04-02
INV01959,W007,P0196,215,84,In Stock,2026-02-11
INV01960,W012,P0003,95,20,In Stock,2026-05-19
INV01961,W016,P0107,153,78,In Stock,2025-11-21
INV01962,W018,P0061,265,53,In Stock,2026-03-31
INV01963,W003,P0109,350,117,In Stock,2026-04-23
INV01964,W015,P0093,411,88,In Stock,2026-01-20
INV01965,W001,P0162,155,91,In Stock,2025-11-15
INV01966,W008,P0169,497,66,In Stock,2026-07-28
INV01967,W007,P0063,822,108,In Stock,2026-07-05
INV01968,W015,P0079,942,59,In Stock,2026-02-24
INV01969,W012,P0053,290,54,In Stock,2025-11-09
INV01970,W016,P0177,926,25,In Stock,2026-03-21
INV01971,W014,P0144,206,23,In Stock,2026-03-30
INV01972,W016,P0149,486,144,In Stock,2025-12-29
INV01973,W008,P0115,148,104,In Stock,2025-10-26
INV01974,W001,P0059,351,30,In Stock,2026-07-31
INV01975,W004,P0037,443,20,In Stock,2025-11-08
INV01976,W009,P0092,799,22,In Stock,2025-11-23
INV01977,W011,P0160,471,100,In Stock,2025-12-09
INV01978,W015,P0159,433,28,In Stock,2025-11-03
INV01979,W003,P0071,289,131,In Stock,2025-12-31
INV01980,W001,P0152,410,77,In Stock,2026-03-18
INV01981,W007,P0062,195,131,In Stock,2025-10-01
INV01982,W002,P0062,144,40,In Stock,2025-09-08
INV01983,W010,P0078,304,24,In Stock,2026-07-13
INV01984,W020,P0086,790,51,In Stock,2025-12-03
INV01985,W015,P0093,217,66,In Stock,2025-08-11
INV01986,W009,P0085,96,43,In Stock,2025-08-26
INV01987,W009,P0164,765,96,In Stock,2026-03-29
INV01988,W008,P0090,969,115,In Stock,2026-05-07
INV01989,W012,P0140,175,57,In Stock,2025-08-14
INV01990,W005,P0048,863,127,In Stock,2026-04-17
INV01991,W001,P0110,535,83,In Stock,2025-12-23
INV01992,W004,P0129,714,123,In Stock,2026-01-29
INV01993,W003,P0025,396,99,In Stock,2026-07-11
INV01994,W020,P0085,35,23,In Stock,2026-07-09
INV01995,W006,P0011,568,117,In Stock,2025-11-07
INV01996,W001,P0075,804,132,In Stock,2025-09-09
INV01997,W004,P0135,100,142,Low Stock,2025-11-30
INV01998,W003,P0110,222,83,In Stock,2026-04-06
INV01999,W007,P0024,824,72,In Stock,2026-04-22
INV02000,W020,P0177,261,34,In Stock,2025-08-23
